data_source_id,data_source_type,author,year,title,link
1,1,Garrity; Megan,2022,Introducing the Government-Sponsored Mass Expulsion Dataset,https://unitednations.sharepoint.com/:b:/r/sites/DESA-POP/DemoData/Data_Computed_Estimates/ForcedMigration/biblio/Garrity_2022_Introducing%20the%20Government-Sponsored%20Mass%20Expulsion%20Dataset%20%5Bfinal_online_appendix_jpr-20-0491%5D.pdf?csf=1&web=1&e=hzpdTG
2,1,Bollinger; Lennart,2023,Fleeing the Wrong Way: Black Angolan Refugees and Apartheid South Africa’s Military Humanitarianism at the Angolan-Namibian Border,https://doi.org/10.1080/07075332.2023.2189283
3,8,Bekker; Gina,2009,Mass expulsion of foreign nationals : a  'special violation of human rights' - Communication 292/2004 Institute for Human Rights and Development in Africa v Republic of Angola,https://journals.co.za/doi/abs/10.10520/EJC52133
4,1,Crawley; Heavan & Esra; Kaytaz,2022,Between a Rock and a Hard Place: Afghan Migration to Europe From Iran,https://doi.org/10.17645/si.v10i3.5234
5,8,Danish Refugee Council,2017,Monthly Migration Movements Afghan Displacement Summary Migration to India October 2017,https://mixedmigration.org/wp-content/uploads/2018/05/ms-asia-1710.pdf
6,8,Amnesty International,2018,Forced to leave stories of injustice against migrants in algeria,https://www.amnesty.org/en/wp-content/uploads/2021/05/MDE2895122018ENGLISH.pdf
7,10,European Council on Refugees and Exiles,2020,New Spike in Mass Expulsion from Algeria to Niger,https://ecre.org/new-spike-in-mass-expulsion-from-algeria-to-niger/
8,10,Human Rights Watch,2020,"Algeria: Migrants, Asylum Seekers Forced Out",https://www.hrw.org/news/2020/10/09/algeria-migrants-asylum-seekers-forced-out
9,8,Info Migrants,2025,"NGO estimates more than 30,000 migrants deported by Algeria to Niger in 2024",https://www.infomigrants.net/en/post/62244/ngo-estimates-more-than-30000-migrants-deported-by-algeria-to-niger-in-2024
10,10,Alarme Phone Sahara,2025,"2024: More than 30,000 people deported from Algeria to Niger",https://alarmephonesahara.info/en/blog/posts/2024-more-than-30-000-people-deported-from-algeria-to-niger
11,10,Reliefweb,2021,Niger: Deportations put migrants’ lives at risk,https://reliefweb.int/report/niger/niger-deportations-put-migrants-lives-risk
12,10,Alarme Phone Sahara,2022,October 2022: Deportations from Algeria to Niger continue - assistance to deportees by Alarme Phone Sahara's tricycle,https://alarmephonesahara.info/en/blog/posts/182
13,10,Naceur; Sofian Philip,2023,"Ruthless, Illegal, and Dangerous",https://www.rosalux.de/en/news/id/50203/ruthless-illegal-and-dangerous
14,10,Ouhemmou; Mohammed,2023,"Tense Neighbors, Algeria and Morocco Have Divergent Migration Histories",https://www.migrationpolicy.org/article/algeria-morocco-migration-history
15,8,United Nations Office for the Coordination of Humanitarian Affairs,2008,"Congolese Expelled from Angola Situation Report No. 3, 21 Aug 2008",https://www.unocha.org/publications/report/angola/congolese-expelled-angola-situation-report-no-3-21-aug-2008
16,8,Reliefweb,2020,"Democratic Republic of Congo – Expulsion of Congolese from Angola (DG ECHO, UN OCHA, DRC authorities) (ECHO Daily Flash of 13 October 2020)",https://reliefweb.int/report/democratic-republic-congo/democratic-republic-congo-expulsion-congolese-angola-dg-echo-un
17,3,Justice Initiative,2009,4|Mass denationalization and expulsion,https://www.justiceinitiative.org/uploads/f2f92b28-7c70-4f20-9d21-3f76069d7fd6/struggles-ch4_20091009_0.pdf?utm_source=chatgpt.com
18,6,Wadhwa; Tanya,2021,"After years of organizing, Macri’s anti-migrant decree finally repealed in Argentina",https://peoplesdispatch.org/2021/03/08/after-years-of-organizing-macris-anti-migrant-decree-finally-repealed-in-argentina/
19,10,Karabakh Center,unknown,Deportation of Azerbaijanis from the territory of modern-day Armenia in the XX Century,https://story.karabakh.center/en/deportation-of-azerbaijanis-from-the-territory-of-modern-day-armenia
20,8,Scheffer; David J.,2023,Ethnic Cleansing Is Happening in Nagorno-Karabakh. How Can the World Respond?,https://www.cfr.org/article/ethnic-cleansing-happening-nagorno-karabakh-how-can-world-respond
21,3,Veliyev; Cavid,2025,Armenia's confession: Ethnic cleansing of Azerbaijanis and its legacy,https://www.dailysabah.com/opinion/op-ed/armenias-confession-ethnic-cleansing-of-azerbaijanis-and-its-legacy
22,3,Visions of Azerbaijan,2010,Great Tragedy Deportation of Azerbaijanis from Armenia,http://www.visions.az/en/news/233/19b4cf06
23,8,Heintze; Peter & Hilhorst; Dorothea & Dijkzeul; Dennis,2019,Venezuelan refugees on Curaçao: Human right violations in a tropical paradise,https://www.iss.nl/sites/corporate/files/2019-10/research-brief-venezuela-2.pdf
24,3,Eyewitness News,2019,340 Haitian migrants deported post-Dorian,https://ewnews.com/iom-calls-for-govt-to-investigate-migrant-abuse-claims/?fbclid=IwAR0o2QSF0sqj6xwhRPtssb7HV7Oa-o0boog3yDceU12ZHMbpAqy3oF6VmHQ
25,8,Countrystudies,unknown,Foreign Relations,https://countrystudies.us/caribbean-islands/124.htm
26,8,Yale Law School - The Avalon Project,1994,"Human Rights Delegation Report on Haitians in the Bahamas, June 1994","https://avalon.law.yale.edu/diana/haitibahama.asp#:~:text=Since%201992%2C%20the%20Bahamas%20boasts,Detention%20Center%2C%20as%20described%20above."
27,8,Displacement Tracking Matrix - IOM,2024,Haitians deported to Haiti,https://dtm.iom.int/sites/g/files/tmzbdl1461/files/reports/Haitians%20deported%20to%20Haiti%20in%202024.pdf?iframe=true
28,3,Reliefweb,2024,Haiti: Population Movement - 10-2024 - Haitians migrants deported from Dominican Republic (2024-10-17),https://reliefweb.int/report/haiti/haiti-population-movement-10-2024-haitians-migrants-deported-dominican-republic-2024-10-17
29,3,Lemonnier; Antoine,2024,Haiti: ‘I was deported to a country I never lived in’,https://news.un.org/en/story/2025/02/1159691
30,3,Adnan; Nader,2024,Bahrain: Govt. says inspections result in rising undocumented workers' deportations,https://www.business-humanrights.org/en/latest-news/bahrain-govt-says-inspections-result-in-rising-undocumented-workers-deportations/
31,3,Gulf Daily News,2024,"Bahrain: Govt. deports undocumented migrant workers who reportedly ""violated"" residency laws",https://www.business-humanrights.org/en/latest-news/bahrain-govt-deports-undocumented-migrant-workers-who-reportedly-violated-residency-laws/
32,3,Bahrain News Agency,2023,"Deportation of 5,300 workers who violated residency laws, work permit regulations from October to December 2022",https://www.bna.bh/en/news?cms=q8FmFJgiscL2fwIzON1%2BDpWE0toxjGIVFfwlw4KKhnE%3D
33,3,Gulf Daily News,2024,"3,100 illegal workers deported in Bahrain",https://www.zawya.com/en/world/middle-east/3-100-illegal-workers-deported-in-bahrain-dmif7tl6
34,8,Migrant-Rights.org,2023,"Thousands of migrants detained and deported across GCC, with no regards to their rights",https://www.migrant-rights.org/2023/05/thousands-of-migrants-detained-and-deported-across-gcc-with-no-regards-to-their-rights/
35,8,U.S. Department of State,2023,2023 Trafficking in Persons Report: Bahrain,https://2021-2025.state.gov/reports/2023-trafficking-in-persons-report/bahrain/
36,8,Integral Human Development,2022,Country Profile: Bahrain,https://migrants-refugees.va/country-profile/bahrain/
37,3,Bussiness Standard,2013,"Bahrain deports over 5,000 illegal foreign workers",https://www.business-standard.com/article/news-ians/bahrain-deports-over-5-000-illegal-foreign-workers-113100600668_1.html
38,14,Kibria; Nazli,2004,Returning International Labor Migrants From Bangladesh: The Experience and Effects of Deportation,https://dspace.mit.edu/bitstream/handle/1721.1/97618/28_kibria.pdf?sequence=1&isAllowed=y
39,3,Pattisson; Pete,2024,"Used, abused and deported: migrant workers land back in Bangladesh after Saudi dreams turn sour",https://www.theguardian.com/global-development/2024/mar/21/used-abused-and-deported-migrant-workers-land-back-in-bangladesh-after-saudi-dreams-turn-sour
40,3,The Daily Star,2024,Failed Bangladeshi asylum seekers to be deported from UK,https://www.thedailystar.net/news/bangladesh/news/failed-bangladeshi-asylum-seekers-be-deported-uk-3612146
41,3,Islam; Saidul,2024,UK signs deal for quick deportation of illegal Bangladeshis,https://en.prothomalo.com/bangladesh/kkucx0b9a9
42,2,Hofmann; Rainer,2011,Minority Rights in South Asia,ISBN 978-3-631-60916-3
43,8,Rediff on the net,unknown,Bangla Biharis weary of wait to migrate to Pakistan,https://www.rediff.com/news/jan/28bangla.htm
44,8,Minority Rights Group International,2017,"No escape from discrimination: minorities, indigenous peoples and the crisis of displacement",file:///C:/Users/Admin/Downloads/mrg-rep-displace-dec17-onlinev2.pdf
45,1,Daly; Samuel Fury Childs,2022,"Ghana Must Go: Nativism and the Politics of Expulsion in West Africa, 1969–1985",https://doi.org/10.1093/pastj/gtac006
46,2,Afolayan; A. A. ,1988,Immigration and Expulsion of ECOWAS Aliens in Nigeria,https://www.jstor.org/stable/2546394
47,1,Giri; Birendra,2005,Mourning the 15th Anniversary of Crisis: The Plight of Bhutanese Refugee Women and Children,https://doi.org/10.1177/0021909605057742
48,3,Grant; Will,2025,Venezuelans deported to mega-prison 'trapped in black hole',https://www.bbc.com/news/articles/cm2y5k2zyz5o
49,3,Ferencic; Domagoj,2025,USA to deport 181 illegals to Bosnia and Herzegovina,https://glashrvatske.hrt.hr/en/foreign/usa-to-deport-181-illegals-to-bosnia-and-herzegovina-11997822
50,3,Janjua; Haroon,2020,Pakistan Signs Illegal Migrants Repatriation Deal with Bosnia,https://www.occrp.org/en/news/pakistan-signs-illegal-migrants-repatriation-deal-with-bosnia
51,1,"Ibreljic; Izet & Kulenovic, Salih & Kadusic; Alma & Smajic, Sabahudin",2006,Migration Flows in Bosnia and Herzegovina After 1992,https://www.econstor.eu/bitstream/10419/118253/1/ERSA2006_173.pdf
52,8,Lefko-Everett; Kate,2004,Botswana's Changing Migration Patterns,https://www.migrationpolicy.org/article/botswanas-changing-migration-patterns/
53,3,Nyathi; Kitsepile,2013,Botswana kicks out more illegal Zimbabwe immigrants,https://web.archive.org/web/20131129142927/http://www.africareview.com/News/Botswana-kicks-out-more-illegal-Zimbabwe-immigrants/-/979180/2087636/-/u85te2/-/index.html?relative=true
54,3,HighBeam Research,2003,"More than 26,000 Zimbabweans repatriated from Botswana last year",https://web.archive.org/web/20121026114026/http://www.highbeam.com/doc/1P1-75400394.html
55,1,Lesetedi; Gwen N.,2007,Reverse xenophobia: immigrants attitudes towards citizens in Botswana,https://www.migrationinstitute.org/files/events/lesetedi.pdf
56,2,Kopinski; Dominik & Polus; Andrzey,2011,Is Botswana Creating a New Gaza Strip? An Analysis of the ‘Fence Discourse’,https://books.openedition.org/cei/235?lang=en
57,8,Global Detention Project,unknown,Overview,https://www.globaldetentionproject.org/countries/africa/botswana
58,1,Campbell; Eugene K.,2006,The 1969 Ghana Exodus: Memory and Reminiscences of Yoruba Migrants,https://www.bioline.org.br/pdf?ep06010
59,3,atqnews.com,2024,Africa: UK Home Office Confirms Deportation of 44 Nigerians and Ghanaians Over UK Immigration Policies in Single Flight,https://atqnews.com/africa-uk-home-office-confirms-deportation-of-44-nigerians-and-ghanaians-over-uk-immigration-policies-in-single-flight/
60,8,Ghana Statisticcal Service,2014,Migration in Ghana,https://www.statsghana.gov.gh/gssmain/fileUpload/pressrelease/Migration%20in%20Ghana.pdf
61,3,Commey; Benjamin A.,2025,Some 156 Ghanaians face imminent deportation from US - Foreign Affairs Minister-designate,https://gna.org.gh/2025/01/some-156-ghanaians-face-imminent-deportation-from-us-foreign-affairs-minister-designate/
62,8,Baldwin-Edwards; Martin,2005,Migration in the Middle East and Mediterranean,https://www.iom.int/sites/g/files/tmzbdl2616/files/2018-07/RS5.pdf
63,8,World Migration Report,unknown,Migration and Migrants: Regional Dimensions and Developments,https://worldmigrationreport.iom.int/what-we-do/world-migration-report-2024-chapter-3/latin-america-and-caribbean
64,3,Abdala; Vitor & Tokarnia; Mariana,2025,Deportations of Brazilians from US increased after 2018 agreement,"https://agenciabrasil.ebc.com.br/en/internacional/noticia/2025-01/deportations-brazilians-us-increased-after-2018-agreement#:~:text=The%20number%20of%20Brazilian%20immigrants,to%20leave%20the%20US%20voluntarily."
65,8,Human Rights Watch,1998,"Rights Group Condemns Actions Of French, Swiss, Brunei Governments Toward Acehnese",https://www.hrw.org/news/1998/04/10/rights-group-condemns-actions-french-swiss-brunei-governments-toward-acehnese
66,2,unkown,1951,The Expulsion of the Turkish Minority from Bulgaria,https://www.jstor.org/stable/pdf/40392358.pdf?refreqid=fastly-default%3Aa14fbff714b98c768745b069e80eb691&ab_segments=&initiator=&acceptTC=1
67,1,Kutlay; Muzaffer,2017,The Turks of Bulgaria: An Outlier Case of Forced Migration and Voluntary Return,https://onlinelibrary.wiley.com/doi/epdf/10.1111/imig.12381?saml_referrer
68,1,Disbudak; Cem & Purkis; Semra,2014,Forced Migrants or Volunary Exiles: Ethnic Turks of Bulgaria in Turkey,https://www.academia.edu/10891953/Forced_Migrants_or_Volunary_Exiles_Ethnic_Turks_of_Bulgaria_in_Turkey
69,8,ICMPD & IOM,2015,A Survey of Immigration in West Africa,https://www.iom.int/sites/g/files/tmzbdl486/files/2018-09/survey_west_africa_en.pdf
70,3,The New Humanitarian,2004,Forced expulsion of Congolese results in backlash,https://www.thenewhumanitarian.org/news/2004/06/07/forced-expulsion-congolese-results-backlash
71,3,B.; Roly,2024,"173 Burkinabe expelled from Ivory Coast, details",https://www.toutafrica.com/2024/07/18/173-burkinabe-expulses-de-la-cote-divoire-les-details/
72,15,Bjarnesen; Jesper,2013,Diaspora at Home? Wartime Mobilities in the Burkina Faso-Côte d'Ivoire Transnational Space,https://journals.openedition.org/anthropodev/322?lang=en
73,3,African Commission on Human and Peoples Rights,2023,Press release on the expulsion of Burkinabe refugees and asylum seekers by Ghana,"https://achpr.au.int/index.php/en/news/press-releases/2023-07-22/press-release-expulsion-burkinabe-refugees-and-asylum-seekers-ghana#:~:text=The%20African%20Commission%20on%20Human%20and%20Peoples,than%20200%20Burkinabe%20asylum%20seekers%20and%20refugees."
74,3,Kokutse; Francis & Irwin; Zane,2023,"Ghana forcibly deports hundreds of people who had fled extremist violence in Burkina Faso, says UN",https://apnews.com/article/ghana-burkina-violence-migrants-deportation-refugee-displaced-abaa1418d09a0e026291313390967e32
75,8,Amnesty International,1996,"Rwanda / Burundi: Refoulement / fear of extrajudicial execution: 392 Burundi refugees forcibly expelled from Rwanda, more than 3,000 others threatened with expulsion",https://www.amnesty.org/en/documents/afr02/009/1996/en/
76,10,Reliefweb,2015,Community Approach Reaping Significant Benefits in Burundi,"https://reliefweb.int/report/burundi/community-approach-reaping-significant-benefits-burundi#:~:text=Between%202013%20and%202014%20over%2045%2C500%20Burundian,after%20enactment%20of%20a%20new%20immigration%20law.&text=Expelled%20migrants%20are%20often%20not%20able%20to,medical%20services%2C%20potable%20water%2C%20livelihoods%20or%20education."
77,8,IOM,2015,Adressing the needs of stranded and vulnerable Burundian migrants,https://www.iom.int/sites/g/files/tmzbdl486/files/country/docs/burundi/IOM-Burundi-Infosheet-Addressing-the-Needs-of-Stranded-and-Vulnerable-Burundian-Migrants-EN.pdf
78,3,Africanews,2024,Rwanda expels Burundi refugees after espionage accusations,https://www.africanews.com/2016/06/13/rwanda-expels-burundi-refugees-after-espionage-accusations//
79,8,UNHCR,2005,UNHCR: Burundi in violation of international obligations,https://www.unhcr.org/news/briefing-notes/unhcr-burundi-violation-international-obligations?utm_source=chatgpt.com
80,3,voanews,2009,Rwandan Asylum Seekers Forcibly Deported from Burundi,https://www.voanews.com/a/a-13-rwandan-asylum-seekers-forcibly-deported-from-burundi-66384112/547991.html?utm_source=chatgpt.com
81,3,Kwibuka; Eugene,2009,Gov’t complains as Burundi expels over 800 Rwandans,https://www.newtimes.co.rw/article/16953/National/govat-complains-as-burundi-expels-over-800-rwandans?utm_source=chatgpt.com
82,8,Norwegian Refugee Council,2006,Report on Human Rights Violations during the Expulsion of Burundians living in Tanzania,https://strandedpakistani.org/wp-content/uploads/2024/10/Norwegian-Refugee-Council.pdf
83,10,Reliefweb,2011,Last refugees to repatriate from Tanzania,https://reliefweb.int/report/burundi/last-refugees-repatriate-tanzania
84,3,Plokhii; Olesia & Mashberg; Tom,2013,Cambodian-Americans confronting deportation,https://www.bostonglobe.com/magazine/2013/01/27/cambodian-americans-confronting-deportation/MK3TQy80UJyG2HjfKKtEIO/story.html
85,8,Forced Migration Review,unknown,Durable solutions for Burundian refugees in Tanzania,https://www.fmreview.org/thomson-2/
86,8,Genocide Watch,2023,Tanzania Threatens to Expel Burundians,https://www.genocidewatch.com/single-post/tanzania-s-threat-to-expel-burundians-sets-a-dangerous-precedent
87,8,Boyce; Michael,2015,Burundi’s Once and Future Refugees,https://www.refugeesinternational.org/burundis-once-and-future-refugees/
88,8,UNHCR,2009,Burundi: Deportations not a sign of xenophobia - minister,https://webarchive.archive.unhcr.org/20230519043800/https://www.refworld.org/docid/498ab63fc.html
89,8,Amnesty International,2023,Burundi 2023,https://www.amnesty.org/en/location/africa/east-africa-the-horn-and-great-lakes/burundi/report-burundi/
90,2,Thompson; Larry Clinton,2010,"Refugee Workers in the Indochina Exodus, 1975-1982.",https://trove.nla.gov.au/work/163574284
91,8,United Nations Peacekeeping,unknown,Cambodia - UNTAC,https://peacekeeping.un.org/mission/past/untacbackgr1.html
92,3,Chheng; Niem,2024,"Cambodia tightens immigration controls, denies entry to over 1,000 in 2024",https://www.phnompenhpost.com/national/cambodia-tightens-immigration-controls-denies-entry-to-over-1-000-in-2024
93,8,Cowan; Sylvia R.,2009,Forced return The deportation of former Cambodian refugees from the US,https://www.iias.asia/sites/iias/files/nwl_article/2019-05/IIAS_NL50_09.pdf
94,1,Seng; Jana M.,2001,Cambodian Nationality Law and the Repatriation of Convicted Alients under the Illegal Immigration Reform and Immigrant Responsibility Act,https://digitalcommons.law.uw.edu/cgi/viewcontent.cgi?article=1258&context=wilj
95,2,Asia Watch & Physicians for Human Rights,1991,"Land Mines in Cambodia: The Cowards War, September 1991",https://books.google.de/books?id=tcMQSO8fdDoC&dq=dangrek+june+1979&pg=PA25&redir_esc=y#v=onepage&q=dangrek%20june%201979&f=false
96,8,Human Rights Watch,2017,“They Forced Us Onto Trucks Like Animals” Cameroon’s Mass Forced Return and Abuse of Nigerian Refugees,https://www.hrw.org/sites/default/files/report_pdf/cameroonrefugees0917_web.pdf
97,8,Yabao Mbendong; Ruth,2025,Seeds of Hope: Houssenni's Journey Back to Central Africa,https://www.unhcr.org/africa/news/stories/seeds-hope-houssennis-journey-back-central-africa
98,3,Cayman News Service,2025,Nine Cubans sent back to Havana under speedy scheme,https://caymannewsservice.com/2025/01/nine-cubans-sent-back-to-havana-under-speedy-scheme/
99,3,Cayman News Service,2023,Cubans deported as changes speed up process,https://caymannewsservice.com/2023/05/cubans-deported-as-changes-speed-up-process/
100,3,Radio Cayman,2023,Twenty Migrants Repatriated on Chartered Cayman Airways Flight,https://www.radiocayman.gov.ky/news/twenty-migrants-repatriated-on-chartered-cayman-airways-flight
101,3,Cayman compass,2023,"16 Cubans repatriated, 385 seeking asylum",https://www.caymancompass.com/2023/01/13/16-cubans-repatriated-385-seeking-asylum/
102,8,Human Rights Watch,2014,Central African Republic: Muslims Forced to Flee,https://www.hrw.org/news/2014/02/12/central-african-republic-muslims-forced-flee
103,3,Al Jazeera,2021,"UN: Nearly 60,000 have fled Central African Republic violence",https://www.aljazeera.com/news/2021/1/15/nearly-60000-have-fled-central-african-republic-violence-un
104,8,UNHCR,2025,Central African Republic situation,https://reporting.unhcr.org/operational/situations/central-african-republic-situation
105,3,voanews,2025,VOA60 Africa - Nigeria: Thousands of refugees return from Chad,https://www.voanews.com/a/voa60-africa---nigeria-thousands-of-refugees-return-from-chad/7973992.html
106,10,irfa,unknown,The MEP in China (1684-1955): an overview,https://irfa.paris/en/zonesgeographiques/china/
107,8,Hong Kong Government,unknown,The influx of Vietnamese boat people,https://web.archive.org/web/20070926220321/http://www.immd.gov.hk/40/eng/mil/70s/mil_70s_iv.html
108,8,National Immigration Administration,2024,Number of Chinas Exit-entry Personnel Exceeds 424 Million in 2023,https://en.nia.gov.cn/n147413/c160783/content.html
109,3,Barros; Aline,2025,US deportations to China continue amid shifts in immigration crackdown,https://www.voanews.com/a/us-deportations-to-china-continue-amid-shifts-in-immigration-crackdown/7958862.html
110,8,Asylum Seeker Resource Center,2022,People are being forcibly moved from Melbourne to Christmas Island detention centre,"https://asrc.org.au/2022/05/03/refugees-christmas-island-detention-centre/#:~:text=Over%20200%20people%20are%20already,divide%20us%20with%20fear''."
111,8,UNHCR,2002,DR Congo: UNHCR questions expelled Burundians,https://www.unhcr.org/africa/news/briefing-notes/dr-congo-unhcr-questions-expelled-burundians
112,8,Reliefweb,1997,UNHCR denounces refugee expulsion from DRC,https://reliefweb.int/report/democratic-republic-congo/unhcr-denounces-refugee-expulsion-drc
113,8,The New Humanitarian,2002,"UNHCR concerned at ""forced repatriation"" of refugees",https://www.thenewhumanitarian.org/report/34145/drc-rwanda-unhcr-concerned-forced-repatriation-refugees
114,8,Reliefweb,2022,"Nearly 6,000 Congolese refugees return home from Zambia with UNHCR support",https://reliefweb.int/report/democratic-republic-congo/nearly-6000-congolese-refugees-return-home-zambia-unhcr-support
115,3,Al Jazeera,2023,Dozens raped as migrant workers deported from Angola to DR Congo,https://www.aljazeera.com/news/2023/4/13/dozens-raped-as-migrant-workers-deported-from-angola-to-dr-congo
116,8,Amnesty International,2015,Congo-Brazzaville: Mass deportations of DRC nationals may amount to crimes against humanity,https://www.amnesty.org/en/latest/news/2015/07/congobrazzaville/
117,3,Akwei; Ismail,2024,Angola has deported 300 Congolese illegal immigrants living in the northern province of Cabinda over the past week.,https://www.africanews.com/2017/07/25/angola-deports-300-congolese-illegal-immigrants-62-in-detention//
118,3,"Garcia Cano; Regina & Suarez, Astrid",2025,"Trump and Colombia’s president clash over deportation flights, raising tariffs in retribution",https://www.pbs.org/newshour/politics/trump-and-colombias-president-clash-over-deportation-flights-raising-tariffs-in-retribution
119,3,Freixes; Josep,2025,US Deports 691 Colombian Migrants in First 28 Days of 2025,https://colombiaone.com/2025/01/29/colombians-deported-us-2025/
120,3,Alsema; Adriaan,2024,"Ecuador vows to repatriate 1,500 convicts to Colombia",https://colombiareports.com/ecuador-vows-to-repatriate-1500-convicts-to-colombia/
121,3,Shamim; Sarah,2025,How Trump coerced Colombia to accept deportees by threatening US tariff war,https://www.aljazeera.com/economy/2025/1/27/how-trump-coerced-colombia-to-accept-deportees-by-threatening-us-tariff-war
122,2,Walker; Iain,2022,The History of the Comoro Islands,https://oxfordre.com/africanhistory/display/10.1093/acrefore/9780190277734.001.0001/acrefore-9780190277734-e-1043?p=emailAAXxhAlgoK9cA&d=/10.1093/acrefore/9780190277734.001.0001/acrefore-9780190277734-e-1043
123,8,European Council on Refugees and Exiles,2023,France: Violent Military Operation to Deport Irregular Migrants in Mayotte Raises Concerns Amid Diplomatic Crisis with Comoros and Puts French Rights Violations in The Spotlight,https://ecre.org/france-violent-military-operation-to-deport-irregular-migrants-in-mayotte-raises-concerns-amid-diplomatic-crisis-with-comoros-and-puts-french-rights-violations-in-the-spotlight/
124,8,McNeill; Henrietta,2024,Addressing Criminal Deportations to the Pacific Islands,https://openresearch-repository.anu.edu.au/server/api/core/bitstreams/72c2140a-af8d-4ab5-818b-d94ef26e2590/content
125,8,West African Observatory on Migration,unknown,"Ivory Coast, A Country of hospitality",http://www.obsmigration.org/en/2018/10/ivory-coast-a-country-of-hospitality/
126,8,Adepoju; Aderanti,2005,Migration in West Africa,https://www.iom.int/sites/g/files/tmzbdl2616/files/2018-07/RS8.pdf
127,3,Africanews,2024,Ivory Coast deports 164 Burkinabe refugees amid concerns,https://www.africanews.com/2024/07/19/ivory-coast-deports-164-burkinabe-refugees-amid-concerns//
128,8,Reliefweb,2003,Ivory Coast: Expect further displacement unless xenophobia is curbed,https://reliefweb.int/report/c%C3%B4te-divoire/ivory-coast-expect-further-displacement-unless-xenophobia-curbed
129,3,Ferreira; Rui,2019,"United States has deported 1,179 Cubans in 2019","https://oncubanews.com/en/cuba-usa/united-states-has-deported-1179-cubans-in-2019/#:~:text=According%20to%20the%20latest%20figures,of%20the%20Barack%20Obama%20administration."
130,8,Amnesty International,2018,Detained And Deported Venezuelans Denied Protection In Curaçao,https://www.amnestyusa.org/wp-content/uploads/2018/09/AMN_18_45_rapport-Curacao.pdf
131,8,Info Migrants,2025,The French government has said that the deportations of irregular migrants in France increased by almost 27 percent in 2024. The French government is turning to tougher migration controls in the hopes of regaining voters from Marine Le Pen's far-right party.,https://www.infomigrants.net/en/post/62684/france-rise-in-deportations-and-stricter-migration-controls-by-government
132,1,Max Planck Institute für ausländisches öffentliches Recht und Völkerrecht,1984,Voluntary Repatnation and UN.HqR,https://www.zaoerv.de/44_1984/44_1984_2_t_327_335.pdf
133,8,Reliefweb,2009,UNHCR protests forced repatriation of Somalis from Djibouti,https://reliefweb.int/report/djibouti/unhcr-protests-forced-repatriation-somalis-djibouti
134,13,U.S. Citizenship and Immigration Serverives,2001,RIC Query - Djibouti (20 July 2001),https://www.uscis.gov/archive/ric-query-djibouti-20-july-2001
135,8,Reliefweb,2004,Djibouti: Government repatriates asylum seekers from Awr Aoussa camp,https://reliefweb.int/report/djibouti/djibouti-government-repatriates-asylum-seekers-awr-aoussa-camp
136,8,Inter-American Comission on Human Rights,unknown,Situation Of Haitian Migrant Workers And Their Families In The Dominican Republic,https://www.cidh.org/countryrep/DominicanRep99/Chapter9.htm
137,8,Minority Rights Group International,unknown,Haitians in the Dominican Republic,https://minorityrights.org/communities/haitians-2/
138,8,UNHCR,2004,Chronology for Haitian Blacks in the Dominican Republic,https://webarchive.archive.unhcr.org/20230520012717/https://www.refworld.org/docid/469f38821e.html
139,8,Gobierno de la Republica Dominica - Migration,2025,The DGM repatriates 322 undocumented Haitians detained in operations in the border region.,https://migracion.gob.do/en/the-dgm-repatriates-322-undocumented-haitians-detained-in-operations-in-the-border-region/
140,8,Amnesty International,2016,Haiti/Dominican Republic: Reckless deportations leaving thousands in limbo,https://www.amnesty.org/en/latest/press-release/2016/06/haiti-dominican-republic-reckless-deportations-leaving-thousands-in-limbo/
141,3,Young; Simone,2017,In our backyard: The Caribbean’s statelessness and refugee crisis,https://www.brookings.edu/articles/in-our-backyard-the-caribbeans-statelessness-and-refugee-crisis/
142,3,Prensa Latina,2025,"The United States deported 1,297 Ecuadorians in 2025",https://www.plenglish.com/news/2025/02/13/the-united-states-deported-1297-ecuadorians-in-2025/
143,8,Minority Rights Group International,unknown,Country Profile: Egypt,https://minorityrights.org/country/egypt/
144,1,Tutillo Maladanado; Pablo Jairo,unknown,How should we remember the forced migration of Jews from Egypt?,https://jewishstudies.washington.edu/global-judaism/how-we-remember-forced-migration-jews-egypt-1956/
145,8,UK Parliament,1958,Egypt: Distress Of Expelled British Nationals,https://hansard.parliament.uk/Lords/1958-11-12/debates/a823d6f0-d6ff-43de-b881-17a413861b61/EgyptDistressOfExpelledBritishNationals
146,3,Kitroeff; Alexander,2019,Greek Americans & Greeks in Egypt: Parallel Lives,https://pappaspost.com/greek-americans-greeks-in-egypt/
147,1,Viscomi; Joseph John,2019,"Mediterranean Futures: Historical Time and the Departure of Italians from Egypt, 1919– 1937*",https://eprints.bbk.ac.uk/id/eprint/24040/8/24040a.pdf
148,1,Zohry; Ayman,2014,Egypt's International Migration after the Revolution: Is There Any Change?,https://shs.cairn.info/revue-confluences-mediterranee-2013-4-page-47?lang=en
149,3,Cone; Devon & Sullivan; Daniel P.,2025,No Model of Refuge: Sudanese Refugees in Egypt,https://www.refugeesinternational.org/reports-briefs/no-model-of-refuge-sudanese-refugees-in-egypt/
150,3,Hickman; Kennedy,2019,Latin America: The Football War,https://www.thoughtco.com/latin-america-the-football-war-2360853
151,8,Human Rights Watch,2020,Deported to Danger United States Deportation Policies Expose Salvadorans to Death and Abuse,https://www.hrw.org/report/2020/02/05/deported-danger/united-states-deportation-policies-expose-salvadorans-death-and
152,3,Falcon; Juan Antonio,2007,Equatorial Guinea: the country where the West lost its dignity,https://www.otromundoesposible.net/guinea-ecuatorial-el-pais-donde-occidente-perdio-la-dignidad/
153,1,Baynham; Simon,1986,Politics and power in Equatorial Guinea,https://journals.co.za/doi/pdf/10.10520/AJA02562804_761
154,8,Human Rights Watch,2003,A Deportee's Story,https://www.hrw.org/reports/2003/ethioerit0103/ethioerit0103.htm
155,8,US Department of State,1999,Ethiopia Country Report on Human Rights Practices for 1998,https://1997-2001.state.gov/global/human_rights/1998_hrp_report/ethiopia.html
156,8,Human Rights Watch,1999,Federal Democratic Republic Of Ethiopia - Human Rights Developments,https://www.hrw.org/legacy/wr2k/Africa-03.htm
157,8,Human Rights Watch,2022,Egypt: Forced Returns of Eritrean Asylum Seekers,https://www.hrw.org/news/2022/01/27/egypt-forced-returns-eritrean-asylum-seekers
158,8,Human Rights Watch,2009,Service for Life - State Repression and Indefinite Conscription in Eritrea,https://www.hrw.org/report/2009/04/16/service-life/state-repression-and-indefinite-conscription-eritrea
159,8,Amnesty International,2024,Türkiye: Eritreans at imminent risk of forced return,https://www.amnesty.org/en/documents/eur44/8493/2024/en/
160,8,UNHCR,2006,UNHCR prepares for Swaziland to take over all refugee services,https://www.unhcr.org/news/unhcr-prepares-swaziland-take-over-all-refugee-services
161,8,UNHCR,1996,Evaluation of UNHCR's Repatriation Operation to Mozambique,https://www.unhcr.org/us/publications/evaluation-unhcrs-repatriation-operation-mozambique
162,8,Human Rights Watch,1998,Migration to South Africa Today,https://www.hrw.org/legacy/reports98/sareport/Adv2c.htm
163,8,Migration Policy Institute,2008,South Africa: Policy in the Face of Xenophobia,https://www.migrationpolicy.org/article/south-africa-policy-face-xenophobia
164,1,Waller; Lyndith,2006,Irregular Migration to South Africa During the First Ten Years of Democracy,https://scholars.wlu.ca/cgi/viewcontent.cgi?article=1076&context=samp
165,1,Ahmed; Hussein,2000,Archival Sources on the Yemeni Arabs in Urban Ethiopia: The Dessie Municipality,https://www.researchgate.net/publication/273050120_Archival_Sources_on_the_Yemeni_Arabs_in_Urban_Ethiopia_The_Dessie_Municipality
166,3,voanews,2017,Ethiopians Deported En Masse by Saudi Arabia Allege Abuses,https://www.voanews.com/a/ethiopian-migrants-report-abuse-during-saudi-arabia-deportations/4182407.html
167,8,Human Rights Watch,2020,"Saudi Arabia: Migrants Held in Inhuman, Degrading Conditions",https://www.hrw.org/news/2020/12/15/saudi-arabia-migrants-held-inhuman-degrading-conditions
168,8,Amnesty International,2022,"“it’s Like We Are Not Human” Forced Returns, Abhorrent Detention Conditions Of Ethiopian Migrants In Saudi Arabia",https://www.amnesty.nl/content/uploads/2022/12/MDE-23.5826.2022-Saudi-Arabia-Ethiopian-migrants-briefing_final.pdf?x34663
169,8,UNCHR,1996,"UNCHR: Refugees Update, 11-12/'95",https://www.africa.upenn.edu/Hornet/unchr_refg95.html
170,8,Taoi; Stella,2024,Tikoduadua reveals Chinese repatriation operation,https://fijionenews.com.fj/tikoduadua-reveals-chinese-repatriation-operation/
171,8,Curet; Lucie,2020,"En Guyane, expulser pour assurer la paix sociale",https://www.gisti.org/spip.php?article6435
172,8,Niessen; Jan & Schibel; Yongmi,2004,International migration and relations with third countries: European and US approaches,https://www.migpolgroup.com/_old/wp-content/uploads/2016/10/144.France_InternationalMigrationandRelationswiththirdcountries_2004.pdf
173,8,United Nations Migration,2025,"With EU Support, IOM Facilitates Voluntary Return of 178 Gambians from Libya",https://gambia.iom.int/news/eu-support-iom-facilitates-voluntary-return-178-gambians-libya
174,3,Jawo; Kaddy,2024,‘I will die trying’: Gambian migrant deportees dream of return to Europe,https://www.aljazeera.com/features/2024/9/13/i-will-die-trying-gambian-migrant-deportees-dream-of-return-to-europe
175,8,Human Rights Watch,2007,Summary,https://www.hrw.org/reports/2007/russia1007/1.htm
176,8,Civil Georgia,2025,Poland Deports Georgian Nationals in Crackdown on Alleged Criminal Activity,https://civil.ge/archives/667409
177,,,,,https://agenda.ge/en/news/2024/39440
178,,,,,https://watermark.silverchair.com/gtac006.pdf?token=AQECAHi208BE49Ooan9kkhW_Ercy7Dm3ZL_9Cf3qfKAc485ysgAAA1owggNWBgkqhkiG9w0BBwagggNHMIIDQwIBADCCAzwGCSqGSIb3DQEHATAeBglghkgBZQMEAS4wEQQMm6sRrI42G4xvwzbtAgEQgIIDDXdGQvk_V22cgYkAZe6EA8c0sdCAMele8tnwdIJa60_vVPUITKXsi-qm9Cqdj_IuhnZpCv18VJl5bvmWvGOWbU14SUUZUV1hKCn1DRhaKNRzXNex7AixoHSDoNlj6Tp_4-BaeeSdbhTDRTm5GrGTYYmoMyhf6t6IaBY-c2hHwMUzUfkxsVmVtDtjht-XCAzBvUgXdhLbw8vz-uG8Bb4RigSd391HSG97TIQjkCKHHVup1gkHfvikzk922F75PNZxueaC2mZnZTqZx9QURQANzb0cjS5qwNdnrz_OTS5gNK7i0QqWoqEJD1fA-C6-vLB7kFPKOH5lrNCNPFkrc-0uyRHQ-xOpqMaTDP3r89LXJhOy99B_5UCrzhs9SEzey98Dz-I5rzoJYyPPTjpmYLmCXPFWCAlAp9Bl9qMS4rSBWgWmf2x-r7r1HH8nXZWUdkS-ZbB4Ys2_799HBLfWmp5Hw-f0Gax03S_SkKpBjpKHnXMfIPSwWfas6XzVIVYeR2Nk2oo8_jmMEAH_4abYDfawGwF_mYORai3fkEVFDhn_ny337tf_s5gbhMP2empQj7ESW2MfBog7UqSciCVG9MJV810pNB4WtqlHdrmcpstVOj_hfWqCiIZimnjn6TF0kHDRjH99PZTvs8wxXkFSLMngJMMg1Hpz02su7xTKFZajaNZsdWHpod9mz28dRpEXGu5ZignHL-UglcBxy5VhRMxO0AsyqZO3VDI3K4lvlascHGm_FuIoxptrLjkCUFPgWzUGItoDb-wOzPcruSACVvnkgUB1TKPAH-GfwonRojdlKi0tBa62PaNNm_GCvoALYibvfksf3RQma65FitdiEUDnj1rS5oNU72CnrYQhBVqKolpDV-6cwXylgjYYXDdCyEjKIPp2NTRu7aGBDgfsUA1Fg9P7K4NNttRj_D3Cn-vK1gucNTGUIqcE1Y0a0GJ6vsrhrGnUrUZbTSw2YLHVfgJh4yM9r1girwXSyNEVPoMhlnlHO4IluBC1tc8zDCbB6XNzgoqRXEWOIVPXZ3CSNS4
179,1,Aremu; Johnson Olaosebikan & Ajayi; Adeyinka Theresa,2014,Expulsion of Nigerian Immigrant Community from Ghana in 1969: Causes and Impact ,https://core.ac.uk/reader/234681701
180,10,Lawal; Shola,2022,GHANA MUST GO: The ugly history of Africa’s most famous bag,https://atavist.mg.co.za/ghana-must-go-the-ugly-history-of-africas-most-famous-bag/
181,8,Bump; Micah,2006,Ghana: Searching for Opportunities at Home and Abroad,https://www.migrationpolicy.org/article/ghana-searching-opportunities-home-and-abroad
182,8,Reliefweb,2018,One Migrant’s Brutal Odyssey Through Libya,https://reliefweb.int/report/libya/one-migrant-s-brutal-odyssey-through-libya
183,1,Kandilige; Leander & Adiku; Geraldine,2013,‘The saga of the returnee’: return and reintegration experiences of Ghanaian returnees from Libya,https://www.wider.unu.edu/sites/default/files/Events/PDF/Papers/Geraldine-Adiku-abstract.pdf
184,8,United Nations Migration,2009,Migration in Ghana - A Country Profile 2009,https://publications.iom.int/system/files/pdf/ghana_profile_2009_0.pdf
185,3,Kokutse; Francis & Irwin; Zane,2023,"Ghana forcibly deports hundreds of people who had fled extremist violence in Burkina Faso, says UN",https://apnews.com/article/ghana-burkina-violence-migrants-deportation-refugee-displaced-abaa1418d09a0e026291313390967e32
186,8,Ratliff; William G. ,2023,United States Invades Grenada,https://www.ebsco.com/research-starters/history/united-states-invades-grenada
187,3,Straker; Linda,2024,Grenada received 40 USA deportees from 2019 to 2024,https://nowgrenada.com/2024/12/grenada-received-40-usa-deportees-from-2019-to-2024/
188,8,Comptroller General of the United States,1976,Evacuation And Temporary Care Afforded Indochinese Refugees-- Operation New Life,https://www.gao.gov/assets/id-76-63.pdf
189,3,Ahuja; Namrata Biji,2025,US military flight bringing 104 Indian illegal immigrants set to land in Amritsar,https://www.theweek.in/news/india/2025/02/05/amritsar-bound-us-military-flight-brings-104-indians-from-guam.html
190,3,Hirayama; Matsuki,2023,"'29 deported and counting', but one falls through the cracks",https://www.kuam.com/story/49919734/29-deported-and-counting-but-one-falls-through-the-cracks
191,8,Vaughan; Jessica M.,2022,Interior Immigration Enforcement Decline Under Biden: State and Local Statistics,https://cis.org/Report/Interior-Immigration-Enforcement-Decline-Under-Biden-State-and-Local-Statistics
192,8,Pena; Jason,2019,Mexico Increases Migrant Deportations to Guatemala,https://cis.org/Pena/Mexico-Increases-Migrant-Deportations-Guatemala
193,8,Asacson; Adam,2024,"Weekly U.S.-Mexico Border Update: Mexico blocks migration, U.S. legislation, migrant removals, nationalities",https://www.wola.org/2024/04/weekly-u-s-mexico-border-update-mexico-blocks-migration-u-s-legislation-migrant-removals-nationalities/
194,3,The West African News Magazine,1984,Coming home to Guinea,https://talkingdrumsmagazine.com/1984-09-17/guinea.html
195,8,Human Rights Watch,2018,Algeria: Inhumane Treatment of Migrants,https://www.hrw.org/news/2018/06/28/algeria-inhumane-treatment-migrants
196,8,Amnesty International,2017,"Algeria: Mass racial profiling used to deport more than 2,000 sub-Saharan migrants",https://www.amnesty.org/en/latest/news/2017/10/algeria-mass-racial-profiling-used-to-deport-more-than-2000-sub-saharan-migrants/
197,8,Council on Hemispheric Affairs,2009,“Barbadian first” policy flogs Guyanese in Barbados,https://coha.org/barbadian-first-policy-flogs-guyanese-in-barbados/
198,8,Minorty Rights Group,unknown,Haitians in the Bahamas,https://minorityrights.org/communities/haitians/
199,3,Haiti Libre,2023,Haiti - Politic : The Bahamas announce an aggressive campaign against illegal migrants,https://www.haitilibre.com/en/news-39000-haiti-politic-the-bahamas-announce-an-aggressive-campaign-against-illegal-migrants.html
200,8,Douyon; Emmanuela,2023,Haitians Flee a Nation Nearing Collapse,https://www.migrationpolicy.org/article/haitians-flee-collapse
201,8,Lacarte; Valerie,2023,Addressing the Next Displacement Crisis in the Making in the Americas,https://www.migrationpolicy.org/news/haiti-next-displacement-crisis-americas
202,10,Burgi-Palomino; Daniella,2018,"No Rights, No Dignity: Risks Facing Deported Migrants In Honduras And El Salvador",https://www.lawg.org/no-rights-no-dignity-risks-facing-deported-migrants-in-honduras-and-el-salvador/
203,8,Mora; Maria Jesus & Ruiz Soto; Ariel G.,2025,The Forgotten Side of Deportation: The Cost of Ignoring Returnees’ Reintegration Challenges,https://www.migrationpolicy.org/news/reintegration-forgotten-side-deportation
204,8,Strankrauff; Alison Harper,2023,Vietnamese Refugees Riot in Hong Kong,https://www.ebsco.com/research-starters/history/vietnamese-refugees-riot-hong-kong
205,16,Immigration Department - Hong Kong,2025,Immigration Department repatriates 18 Vietnamese illegal immigrants to Vietnam (with photos),https://www.immd.gov.hk/eng/press/press-releases/20250321b.html
206,16,The Government of Hong Kong Special Administrative Region - Press Release,2024,Immigration Department repatriates 18 Vietnamese illegal immigrants and overstayers to Vietnam,https://www.info.gov.hk/gia/general/202412/18/P2024121800521.htm
207,16,Immigration Department - Hong Kong,2024,Immigration Department repatriates Vietnamese illegal immigrants and overstayers to Vietnam (with photos),https://www.immd.gov.hk/eng/press/press-releases/20240620.html
208,16,Immigration Department - Hong Kong,2024,Immigration Department repatriates Vietnamese illegal immigrants to Vietnam (with photos),https://www.immd.gov.hk/eng/press/press-releases/20240227.html
209,8,Smith; Martin,2002,Burma (Myanmar): The Time for Change,https://www.burmalibrary.org/docs09/Martin%20Smith%202002.pdf
210,2,Jorgensen; Jan Jelmert,1981,Uganda: A Modern History,https://www.taylorfrancis.com/books/mono/10.4324/9781003452911/uganda-modern-history-jan-jelmert-j%C3%B8rgensen
211,2,Lal; Brij V.,2006,Island of Turmoil - Election and Politics in Fiji,https://web.archive.org/web/20070303074632/http://epress.anu.edu.au/islands/pdf/islands-whole.pdf
212,3,Mathrubhumi.com,2025,UAE arrests nearly 6000 expatriates for visa violations after amnesty period ends......,https://english.mathrubhumi.com/news/world/uae-arrests-6000-expatriates-for-visa-violations-after-amnesty-period-ends-1.10312781
213,8,Foreign Policy Association,unknown,Saudi Arabia’s Undocumented Workers Repatriated,https://fpa.org/saudi-arabias-undocumented-workers-repatriated/
214,10,Kapoor; Ria,2020,Refugees and Citizens in India: Memories of 1947 and 1971 in 2020,https://www.historyworkshop.org.uk/memory-emotions/refugees-in-india/
215,8,Missbach; Antje & Palmer; Wayne,2018,Indonesia: A Country Grappling with Migrant Protection at Home and Abroad,https://www.migrationpolicy.org/article/indonesia-country-grappling-migrant-protection-home-and-abroad
216,3,The Jakarta Post,2025,Indonesia begins repatriating freed Myanmar scam centre workers,https://www.thejakartapost.com/indonesia/2025/03/18/indonesia-begins-repatriating-freed-myanmar-scam-centre-workers.html
217,3,Antara - Indonesian News Agency,2025,Indonesia picks up 211 migrant workers deported from Saudi Arabia,https://en.antaranews.com/news/341066/indonesia-picks-up-211-migrant-workers-deported-from-saudi-arabia
218,3,Rusli; Effendi,2025,Malaysia Deports 37 Indonesian Migrant Workers,https://jakartaglobe.id/news/malaysia-deports-37-indonesian-migrant-workers
219,3,TRT World,2021,Malaysia set to deport thousands of undocumented Indonesian workers,https://www.trtworld.com/asia/malaysia-set-to-deport-thousands-of-undocumented-indonesian-workers-47440?utm_source=GoogleNews&utm_medium=rss
220,3,Sinombor; Sonya Hellen,2024,"Problems in Malaysia, Hundreds of Indonesian Citizens Deported",https://www.kompas.id/baca/english/2024/06/13/en-bermasalah-di-malaysia-perempuan-dan-anak-bersama-ratusan-wni-dipulangkan-ke-tanah-air
221,8,Amnesty International,1998,MALAYSIA Asylum-seekers at risk in mass deportation of economic migrants,https://www.amnesty.org/es/wp-content/uploads/2021/06/asa280091998en.pdf
222,8,Human Rights Watch,2007,Iran: Halt Mass Deportation of Afghans,https://www.hrw.org/news/2007/06/19/iran-halt-mass-deportation-afghans
223,1,Ketuly; Kamal Aziz,2023,The Deportations and First Anfal of Faily Kurds in Iraq,file:///C:/Users/Admin/Downloads/the-deportations-and-first-anfal-of-faily-kurds-in-iraq.pdf
224,8,Minority Rights Group International,2017,World Directory of Minorities and Indigenous Peoples - Iraq : Faili Kurds,https://www.refworld.org/reference/countryrep/mrgi/2017/en/119098
225,2,Daniel; Elton L. & Mahdi; Ali Akbar,2006,Culture and Customs of Iran,http://ndl.ethernet.edu.et/bitstream/123456789/54232/1/67.pdf.pdf
226,8,Human Rights Watch,2003,The Iraqi Government Assault on the Marsh Arabs,https://www.hrw.org/legacy/backgrounder/mena/marsharabs1.htm
227,8,BADIL Refugee Survey,2010,From the BADIL Refugee Survey 2008-2009: Secondary Forced Displacement in Host Countries - An Overview,https://badil.org/publications/al-majdal/issues/items/1349.html
228,8,Chatelard; Geraldine,2010,Jordan: A Refugee Haven,https://www.migrationpolicy.org/article/jordan-refugee-haven
229,8,Human Rights Watch,2017,“I Have No Idea Why They Sent Us Back”,https://www.hrw.org/report/2017/10/02/i-have-no-idea-why-they-sent-us-back/jordanian-deportations-and-expulsions-syrian
230,8,Facts and Details,unknown,Russians In Kazakhstan,https://factsanddetails.com/central-asia/Kazakhstan/sub8_4b/entry-4644.html
231,10,The Volga Germans,unknown,Kazakhstan,https://www.volgagermans.org/settlements/resettlement-within-russia/kazakhstan
232,8,Human Rights Watch,2011,Kazakhstan: Forced Returns to Uzbekistan Illegal,https://www.hrw.org/news/2011/06/10/kazakhstan-forced-returns-uzbekistan-illegal
233,3,Nation Africa Newspaper,2013,Asians face mass expulsion to Britain as Africanisation starts,https://nation.africa/kenya/life-and-style/dn2/asians-face-mass-expulsion-to-britain-as-africanisation-starts-880578
234,8,UK Parliament,1968,Asian Immigrants From Kenya,https://hansard.parliament.uk/Lords/1968-02-15/debates/e5e33ebe-b72f-4bae-82b4-1125bab0f265/AsianImmigrantsFromKenya
235,8,StrikingWoman.org,unknown,Twice migrants: African Asian migration to the UK,https://www.striking-women.org/module/map-major-south-asian-migration-flows/twice-migrants-african-asian-migration-uk
236,8,Human Rights Watch,2014,Kenya: End Abusive Round-Ups,https://www.hrw.org/news/2014/05/12/kenya-end-abusive-round-ups
237,3,AA.com,2014,"Kenya screened 2456, deported 442 in 44 days",https://www.aa.com.tr/en/archive/kenya-screened-2456-deported-442-in-44-days/157321
238,3,NK News,2020,"Going “home”: why 87,000 Zainichi Koreans moved from Japan to North Korea",https://www.nknews.org/2020/02/going-home-why-87000-zainichi-koreans-moved-from-japan-to-north-korea/
239,1,Rosen; Steven J.,2012,Kuwait Expels Thousands of Palestinians,https://www.meforum.org/middle-east-quarterly/kuwait-expels-palestinians
240,8,Migration Data Portal,2025,Migration data in Western Asia,https://www.migrationdataportal.org/regional-data-overview/migration-data-western-asia
241,1,Hooglund; Eric,1991,The Other Face of War,https://merip.org/1991/07/the-other-face-of-war/
242,8,Minority Rights Group International,2017,World Directory of Minorities and Indigenous Peoples - Kuwait : Bidoon,https://www.refworld.org/reference/countryrep/mrgi/2017/en/119729
243,8,Global Detention Project,2023,Filipino Migrants Deported from Kuwait Amidst Tensions Over Worker Rights,https://www.globaldetentionproject.org/filipino-migrants-deported-from-kuwait-amidst-tensions-over-worker-rights
244,3,The Arab Weekly,2023,Kuwait pushes on with policy of expatriates’ deportation,https://thearabweekly.com/kuwait-pushes-policy-expatriates-deportation
245,8,Americans for Democracy & Human Rights in Bahrain,2024,The Aftermath of Kuwait’s Amnesty Scheme: The Start of Another Mass Deportation,https://www.adhrb.org/2024/07/the-aftermath-of-kuwaits-amnesty-scheme-the-start-of-another-mass-deportation/
246,8,Business & Human Rights Resource Center,2024,"Kuwait: Fee requirements for migrants over 60 without higher degrees revoked, while arrest & deportation campaign increases irregular status",https://www.business-humanrights.org/en/latest-news/kuwait-fee-requirements-for-migrants-over-60-without-higher-degrees-revoked-while-arrest-deportation-campaign-increases-irregular-status/
247,1,Rosetti; Florence,1997,The Chinese in Laos Rebirth of the Laotian Chinese Community as peace returns to Indochina,https://www.cefc.com.hk/article/the-chinese-in-laosrebirth-of-the-laotian-chinese-community-as-peace-returns-to-indochina/
248,8,Edwards; Adrian,2009,Deportation of Lao Hmong must stop: UN High Commissioner for Refugees,https://www.unhcr.org/news/stories/deportation-lao-hmong-must-stop-un-high-commissioner-refugees
249,16,McCollum; Betty,2009,McCollum Statement on the Forced Repatriation to Laos of Hmong Refugees by the Government of Thailand,https://mccollum.house.gov/press-release/mccollum-statement-forced-repatriation-laos-hmong-refugees-government-thailand
250,8,Human Rights Watch,2010,Letter to Secretary Clinton on the Forced Return of Lao Hmong from Thailand,https://www.hrw.org/news/2010/01/20/letter-secretary-clinton-forced-return-lao-hmong-thailand
251,8,Amnesty International,2023,Lebanon: Authorities must halt unlawful deportations of Syrian refugees,https://www.amnesty.org/en/latest/news/2023/04/lebanon-authorities-must-halt-unlawful-deportations-of-syrian-refugees/
252,8,Human Rights Watch,2023,Lebanon: Armed Forces Summarily Deporting Syrians,https://www.hrw.org/news/2023/07/05/lebanon-armed-forces-summarily-deporting-syrians
253,8,Human Rights Watch,2024,Lebanon: Stepped-Up Repression of Syrians,https://www.hrw.org/news/2024/04/25/lebanon-stepped-repression-syrians
254,8,Global Detention Project,2024,An EU-Lebanon Refugee Deal Amidst An Unprecedented Crackdown on Refugees,https://www.globaldetentionproject.org/eu-lebanon-deal-risks-to-expose-syrian-and-other-refugees-to-refoulement-and-human-rights-violations
255,8,Human Rights Watch,2019,Lebanon: Syrians Summarily Deported from Airport,https://www.hrw.org/news/2019/05/24/lebanon-syrians-summarily-deported-airport
256,8,Human Rights Watch,2024,Syrians Fleeing Lebanon Risk Repression Upon Return,https://www.hrw.org/news/2024/10/30/syrians-fleeing-lebanon-risk-repression-upon-return
257,8,Integral Human Development,unknown,Country Profile - Liberia,https://migrants-refugees.va/country-profile/liberia/
258,8,Landespolizei Fürstentum Liechtenstein,2023,Jahresbericht 2023 Landespolizei Fürstentum Liechtenstein,https://www.landespolizei.li/application/files/5817/1403/1909/Jahresbericht2023_END.pdf
259,1,Wills; Matthew,2016,Libya’s Italian Connection,https://daily.jstor.org/libya-italian-connection/
260,3,Dignoti; Stefanie,2025,"My Grandpa, the Fascist?",https://newlinesmag.com/first-person/my-grandpa-the-fascist/
261,3,Gruber; Ruth Ellen,2004,Unknown immigration from Libya - has swelled ranks of Italian Jewry,https://web.archive.org/web/20051219172107/http://www.jta.org/page_view_story.asp?strwebhead=Libyan+immigrants+a+force+in+Italian+Jewry&intcategoryid=2
262,8,OnWar.com - Armed conflict Events Data,unknown,Egyptian-Libyan War 1977,https://www.onwar.com/aced/nation/lay/libya/flibyaegypt1977.htm
263,3,Ali; Mostafa,2011,Egypt celebrates Libyan revolution victory,https://english.ahram.org.eg/NewsContent/1/64/19562/Egypt/Politics-/Search.aspx?Text=%20gaddafi
264,8,Palestinian Return Center,2013,JPRS 3rd Ed: Palestinian Refugees Affected by the 2011 Libyan Uprising: A Brief Overview,https://prc.org.uk/en/post/2873/jprs-3rd-ed-palestinian-refugees-affected-by-the-2011-libyan-uprising-a-brief-overview
265,8,International Organization for Migration,2012,Migrants in Crisis: The IOM Experience in Libya,https://publications.iom.int/system/files/pdf/migrationcaughtincrisis_forweb.pdf
266,8,Amnesty International,2020,Libya: New evidence shows refugees and migrants trapped in horrific cycle of abuses,https://www.amnesty.org/en/latest/press-release/2020/09/libya-new-evidence-shows-refugees-and-migrants-trapped-in-horrific-cycle-of-abuses/
267,8,International Organization for Migration,2014,Assessment Of Priorities For The Development Of Libya’s Migration Policy: A Strategic Vision,https://publications.iom.int/system/files/pdf/libya_rapid_assessment.pdf
268,13,National Immigration Administration,2022,Number of China's Exit-entry Personnel Exceeds 424 Million in 2023,https://en.nia.gov.cn/n147413/c160783/content.html
269,13,National Immigration Administration,2024,Over 141 Million Exit-Entry Travelers Recorded in China in Q1 2024,https://en.nia.gov.cn/n147418/n147473/c158136/content.html
270,10,FamilySearch,unknown,Madagascar Emigration and Immigration,https://www.familysearch.org/en/wiki/Madagascar_Emigration_and_Immigration
271,8,Nelson; Alastair & Cochrane; Jacqueline,2020,Trafficing Malagasy Tortoises,https://globalinitiative.net/wp-content/uploads/2020/12/Trafficking-Malagasy-Tortoises-Vulnerabilities-and-illicit-markets-in-the-western-Indian-Ocean.pdf
272,8,United Nations Network on Migration,2023,Malawi Network on Migration,https://migrationnetwork.un.org/system/files/docs/TOR_UN%20Network%20on%20Migration_Malawi.pdf
273,8,UNHCR,2023,Annual Results Report 2023 Malawi,https://reporting.unhcr.org/sites/default/files/2024-06/SA%20-%20Malawi%20ARR%202023_0.pdf
274,3,Chirombo; Manford,2025,"Malawi: Voluntary repatriation of Mozambican asylum seekers finalised, 200 households staying – report",https://clubofmozambique.com/news/malawi-voluntary-repatriation-of-mozambican-asylum-seekers-finalised-200-households-staying-report-278067/
275,1,Low; Choo Chin,2016,Banishment of Anti-Communist Chinese to Formosa: The British as Effectual Mediators in Malaya,https://ics.um.edu.my/img/files/IJCSV7N3/low.pdf
276,8,World Bank Group,2020,Who is Keeping Score? - Estimating the Number of Foreign Workers in Malaysia,https://documents1.worldbank.org/curated/en/892721588859396364/pdf/Who-is-Keeping-Score-Estimating-the-Number-of-Foreign-Workers-in-Malaysia.pdf
277,15,Avila; Michelle B.,2015,The Evolution of malaysias Immigration Policy since 1970,https://apps.dtic.mil/sti/tr/pdf/ADA620596.pdf
278,8,Amnesty International,2021,Malaysia: Deportation to Myanmar puts lives in danger,https://www.amnesty.org/en/latest/news/2021/02/myanmar-deportation-malaysia-danger/
279,8,Global Detention Project,2021,Malaysia: Covid-19 and Detention,https://www.globaldetentionproject.org/25-february-2021-malaysia
280,8,Amnesty International,2022,Malaysia: Halt forced deportation of people from Myanmar and ensure access to asylum,https://www.amnesty.org/en/documents/asa28/6138/2022/en/
281,8,Amnesty International,2023,Malaysia 2023,https://www.amnesty.org/en/location/asia-and-the-pacific/south-east-asia-and-the-pacific/malaysia/report-malaysia/
282,3,Hussain; Fathima Aruma,2020,Immigration launches voluntary repatriation program for undocumented workers,https://sun.com.mv/61907
283,3,Hadi; Ahmedulla Abdul,2020,Ministry publishes info of expats for repatriation verification,https://english.sun.mv/63948
284,8,Maldives Immigration,2023,Maldives Immigration - Annual Statistics 2022,https://www.immigration.gov.mv/wp-content/uploads/2023/11/Annual-Statistics-2022_website.pdf
285,3,oneonline,2024,"Over 4,000 illegal immigrants deported",https://www.oneonline.mv/en/96874
286,3,Corporate Maldives,2025,"Over 5,600 Undocumented Migrants Deported from Maldives in 2024",https://corporatemaldives.com/over-5600-undocumented-migrants-deported-from-maldives-in-2024/
287,8,International Organization for Migration,2013,The Mali Migration Crisis at a Glance,https://www.iom.int/sites/g/files/tmzbdl486/files/migrated_files/Country/docs/Mali_Migration_Crisis_2013.pdf
288,8,Human Rights Watch,1991,Human Rights Watch World Report 1990 - Mauritania,https://www.refworld.org/reference/annualreport/hrw/1991/en/41237
289,3,Mali Actu,2015,Immigration illégale : Le Mali accueille ses 129 rapatriés du Gabon,https://maliactu.net/mali-immigration-illegale-le-mali-accueille-ses-129-rapatries-du-gabon/
290,8,Human Rights Watch,unknown,Mauritania,https://www.hrw.org/reports/1989/WR89/Mauritan.htm
291,8,The Legal Agenda,2016,Statelessness in Mauritania: A Brief Account of a Long History of Discrimination,https://english.legal-agenda.com/statelessness-in-mauritania-a-brief-account-of-a-long-history-of-discrimination/
292,8,Minority Rights Group International,2017,World Directory of Minorities and Indigenous Peoples - Mauritania : Black Africans,https://www.refworld.org/reference/countryrep/mrgi/2017/en/119095
293,8,Migration Policy Center,2013,MPC - Migration Profile - Mauritania,https://www.un.org/development/desa/pd/sites/www.un.org.development.desa.pd/files/unpd_ws_201509_mauritania.pdf
294,8,Amnesty International,2010,Mauritania Amnesty International submission to the UN Universal Periodic Review,https://www.ohchr.org/sites/default/files/lib-docs/HRBodies/UPR/Documents/session9/MR/AI_AmnestyInternational_Revised.pdf
295,8,Chagossian Voices,2021,Response to the proposed Nationality and Borders Bill 2021,https://bills.parliament.uk/publications/43047/documents/781
296,3,africanews,2024,"Anti-migration operation in Mayotte stirs tensions, exposes inequalities",https://www.africanews.com/2023/05/18/anti-migration-operation-in-mayotte-stirs-tensions-exposes-inequalities/
297,3,Asian Development Bank,2007,Country Economic Report - Nauru,https://web.archive.org/web/20110607064452/http://www.adb.org/Documents/CERs/NAU/CER-NAU-2007.pdf
298,1,Radchenko; Sergey S.,2003,The Soviets best friend in Asia: The Monogolian Dimension of the Sino-Soviet Split,https://www.wilsoncenter.org/publication/the-soviets-best-friend-asia-the-mongolian-dimension-the-sino-soviet-split
299,8,US Department of State,2007,Mongolia Country Profile,"https://2009-2017.state.gov/outofdate/bgn/mongolia/79156.htm#:~:text=During%20the%20period%20of%20Sino,to%20assist%20in%20construction%20projects."
300,3,Munkhzul; A.,2019,About 800 Chinese citizens deported,https://www.montsame.mn/en/read/205767
301,3,Asia News Netowrk,2025,Chinese nationals working illegally deported from Mongolia,https://asianews.network/chinese-nationals-working-illegally-deported-from-mongolia/
302,8,Amnesty International,2006,Montenegro The right to redress and reparation for the families of the “disappeared”,https://www.amnesty.org/es/wp-content/uploads/2021/08/eur660012006en.pdf
303,10,MaroccanJews.org,unknown,Jewish Emigration from Morocco,https://moroccanjews.org/home/jewish-emigration-from-morocco/
304,10,JewishRefugees.org,2021,Sixty years since Operation Yakhin in Morocco,https://www.jewishrefugees.org.uk/2021/01/sixty-years-since-operation-yakhin-in.html
305,3,La Depeche,2012,"""Pieds-noirs"": ceux qui ont choisi de rester",https://www.ladepeche.fr/article/2012/03/10/1308713-pieds-noirs-ceux-qui-ont-choisi-de-rester.html
306,8,Association des Marocains Civtimes dExpulsion Arbitraire dAlgerie,2018,AMVEAA report on the issue of the rights of Moroccan families expelled from Algeria in 1975,https://ccprcentre.org/files/documents/INT_CCPR_CSS_DZA_31388_E.pdf
307,3,Fernandez; Enrique,2023,Marruecos clama justicia frente a Argelia por el dolor ocasionado en la Marcha Negra,https://www.atalayar.com/en/articulo/politics/morocco-calls-justice-against-algeria-pain-caused-black-march/20230322111110182289.html
308,3,Kasraouni; Safaa,2019,Video Shows Testimonies of Moroccans Expelled from Algeria in 1975,https://www.moroccoworldnews.com/2019/12/74576/testimonies-moroccans-algeria/
309,3,Hespress,2022,Abderrazak El Hannouchi: The file of Moroccans expelled from Algeria is a Mere and Immortal Human Rights Case,https://en.hespress.com/44688-abderrazak-el-hannouchi-the-file-of-moroccans-expelled-from-algeria-is-a-mere-and-immortal-human-rights-case.html
310,7,Amnesty International,2007,Respecting human rights when cooperating with third countries in the field of migration,https://www.amnesty.org/es/wp-content/uploads/2021/07/ior610032007en.pdf
311,8,International Organization for Migration,2022,Assisted Voluntary Return and Reintegration in Morocco,https://mena.iom.int/sites/g/files/tmzbdl686/files/documents/2023-03/Rapport_Annuel_EN_AVRR_20230310.pdf
312,10,Wood; Barry D.,2019,Mozambique: 44 years from liberation,https://www.politicsweb.co.za/opinion/mozambique-44-years-from-liberation
313,1,Eldrige; Claire & Kalter; Christoph & Taylor; Becky,2022,"Migrations of Decolonization, Welfare, and the Unevenness of Citizenship in the UK, France and Portugal*",https://academic.oup.com/past/article/259/1/155/6599233?login=false
314,8,UNHCR,1996,Evaluation of UNHCR's Repatriation Operation to Mozambique,https://www.unhcr.org/us/publications/evaluation-unhcrs-repatriation-operation-mozambique
315,8,Human Rights Watch,unknown,Introduction,https://www.hrw.org/legacy/reports98/sareport/Adv2c.htm
316,8,South African Government,2025,Home Affairs deportations surge to over 46 000 in 2024/25 – more than France and Germany combined,https://www.gov.za/news/media-statements/home-affairs-202425-deportations-02-apr-2025
317,8,Crush; Jonathan,2008,South Africa: Policy in the Face of Xenophobia,https://www.migrationpolicy.org/article/south-africa-policy-face-xenophobia
318,8,Human Rights Watch,unknown,Failings in the Asylum and Deportation Systems Leading to Refoulement of Zimbabweans,https://www.hrw.org/reports/2008/southafrica0608/8.htm
319,8,Center for Development and Enterprise,2008,"Migration from Zimbabwe - Numbers, needs, and policy options",https://www.cde.org.za/wp-content/uploads/2018/07/Migration-from-Zimbabwe-Numbers-needs-and-policy-options-CDE-Report.pdf
320,8,Human Rights Watch,unknown,Historical Background,https://www.hrw.org/reports/2000/burma/burm005-01.htm
321,8,Amnesty International,2018,"Explainer: Rohingya refugees face crowded camps, dangerous sea journeys and COVID-19",https://www.amnesty.org/en/latest/news/2018/11/why-rohingya-refugees-shouldnt-be-sent-back-to-myanmar/
322,8,Amnesty International,2017,UN: Myanmar Rohingya exodus exposes abject failure of world leaders to deliver solution to refugee crisis,https://www.amnesty.org/en/latest/press-release/2017/09/myanmar-rohingya-exodus-exposes-abject-failure-of-world-leaders-at-un-to-deliver-solution-to-refugee-crisis/
323,1,Egreteau; Renaud,2014,The Idealization of a Lost Paradise: Narratives of Nostalgia and Traumatic Return Migration among Indian Repatriates from Burma since the 1960s,https://colab.ws/articles/10.1353%2Fjbs.2014.0002
324,8,Amnesty International,2000,Angola and Namibia - Human rights abuses in the border area,https://www.amnesty.org/ar/wp-content/uploads/2021/06/afr030012000en.pdf
325,8,UNHCR,2012,Angolan refugees return home from Namibia ahead of June deadline,https://www.unhcr.org/news/briefing-notes/angolan-refugees-return-home-namibia-ahead-june-deadline
326,8,UNHCR,2023,Refugees from DR Congo prepare to return home from Namibia,https://www.unhcr.org/africa/news/press-releases/refugees-dr-congo-prepare-return-home-namibia-2
327,8,United States Committee for Refugees and Immigrants,2007,U.S. Committee for Refugees and Immigrants World Refugee Survey 2007 - Namibia,https://www.refworld.org/reference/annualreport/uscri/2007/en/45938
328,13,Nepal in Data,2018,Govt keeping tab on foreigners visiting Nepal,https://nepalindata.com/ne/Govt-keeping-tab-on-foreigners-visiting-Nepal/
329,13,Nepal in Data,2019,638 foreign nationals deported in 2018-19,https://nepalindata.com/ne/638-foreign-nationals-deported-in-2018-19/
330,8,UNHCR,2003,UNHCR gravely concerned about deported Tibetans,https://www.unhcr.org/news/news-releases/unhcr-gravely-concerned-about-deported-tibetans
331,1,Murphy; Gwenael,2020,Les Tonkinois devant la justice criminelle de la Nouvelle-Calédonie (1892-1931),https://www.researchgate.net/publication/339090021_Les_Tonkinois_devant_la_justice_criminelle_de_la_Nouvelle-Caledonie_1892-1931_etude_realisee_en_vue_d'une_exposition_sur_l'histoire_des_travailleurs_engages_vietnamiens_dans_le_monde_a_la_demande_des_
332,3,Bruce; Nii Lante Wallace,1985,The Collective Expulsion of Foreign Nationals,https://www5.austlii.edu.au/au/journals/AUIntLawNews/1985/6.pdf
333,2,Purdey; Jemma,2006,Anti-Chinese Violence in Indonesia 1996-1999,https://books.google.de/books?id=nbTteGazfx8C&q=violence+against+chinese+Indonesians&pg=PA219&redir_esc=y#v=snippet&q=102%2C000&f=false
334,8,Minority Rights Group,unknown,Chinese (Hoa) in Vietnam,https://minorityrights.org/communities/chinese-hoa/
335,3,Dickey; Christopher,1985,Tunesian-Libyan Border tense after Expulsions,https://www.washingtonpost.com/archive/politics/1985/09/13/tunisian-libyan-border-tense-after-expulsions/070a52ca-e60e-457f-a29f-8ea9f15d9da7/
336,8,Office of the Historian,1969,"Foreign Relations of the United States, 1969-1976, Volume e-4, Documents on Iran and Iraq",https://history.state.gov/historicaldocuments/frus1969-76ve04/d251
337,3,SFGate,2025,"More than 1,800 migrants expelled from Algeria into Niger, rights group says",https://www.sfgate.com/news/world/article/more-than-1-800-migrants-expelled-from-algeria-20292919.php
338,8,Gary-Tounkara; Daouda,2015,A Reappraisal of the Expulsion of Illegal Immigrants from Nigeria in 1983,https://doaj.org/article/f73d547532e54fe0b18b4b491ca4d743
339,3,Tijani; Abdullah,2019,Ghana’s Deportation of Nigerians is a new Chapter in a Very Ugly History that Must End,https://www.africanliberty.org/2019/03/06/ghanas-deportation-of-nigerians-is-a-chapter-in-a-very-ugly-history-that-must-end/
340,8,Human Rights Watch,1994,Denying Ethnic Identity - The Macedonian Greece,https://www.hrw.org/reports/pdfs/g/greece/greece945.pdf
341,8,Global Immigration Detention Observatory,2020,Oman Immigration Detention Data Profile,https://www.globaldetentionproject.org/wp-content/uploads/2020/11/Oman-Immigration-Detention-Data-Profile-2020.pdf
342,8,Gulf Labour Markets and Migration,2018,"Demography, Migration, and the Labour Market in Oman",https://gulfmigration.grc.net/media/pubs/exno/GLMM_EN_2018_07.pdf
343,10,Gauthier; Bradley,unknown,Delhi Agreement 1973,https://blog.bradleygauthier.com/delhi-agreement-1973-pdf/
344,8,Reliefweb,2012,ICRC honoured for helping victims of 1971 conflict,https://reliefweb.int/report/bangladesh/icrc-honoured-helping-victims-1971-conflict
345,8,UNHCR,2004,UNHCR sees the 2001 Afghan emergency fade into history,https://www.unhcr.org/news/unhcr-sees-2001-afghan-emergency-fade-history
346,8,UNHCR,2012,2012 UNHCR country operations profile - Afghanistan,https://web.archive.org/web/20120604063834/http://www.unhcr.org/cgi-bin/texis/vtx/page?page=49e486eb6
347,8,Human Rights Watch,2017,"Pakistan Coercion, UN Complicity",https://www.hrw.org/report/2017/02/13/pakistan-coercion-un-complicity/mass-forced-return-afghan-refugees
348,8,UNHCR,2025,UNHCR-IOM Flash Update Number 36,https://pakistan.iom.int/sites/g/files/tmzbdl1121/files/documents/2025-03/unhcr-iom-flash-update-36-v2.pdf
349,1,Chattha; Ilyas,2024,"Prisoners of Pakistan: Bengali military personnel and civil servants in Pakistan, 1971–1974",https://www.cambridge.org/core/journals/modern-asian-studies/article/prisoners-of-pakistan-bengali-military-personnel-and-civil-servants-in-pakistan-19711974/A1DD8500DB876D2C3BEC764676E0CF61
350,8,Paskal; Clea,2025,"Palau deports Chinese criminals, reinforces Indo-Pacific security",https://www.fdd.org/analysis/op_eds/2025/04/06/palau-deports-chinese-criminals-reinforces-indo-pacific-security/
351,13,Migracion Panama,2025,Statistics,https://www.migracion.gob.pa/estadisticas/
352,8,Direccion Nacional de Migraciones,2023,Infrorme de Gestion Rendicion de Cuentas 2020-2023,https://migraciones.gov.py/uplmoo9eib8eefou3ooze4y/2024/09/Rendicion_de_Cuentas_Migraciones_2020-2023.pdf
353,8,United Natins Human Rights Office of the High Commissioner,2024,"Experts of the Committee on Migrant Workers Commend Peru on Assistance to Peruvian Nationals Detained Abroad, Raise Questions on the Treatment of Venezuelan Migrants and Migration due to Climate Change",https://www.ohchr.org/en/meeting-summaries/2024/12/experts-committee-migrant-workers-commend-peru-assistance-peruvian
354,8,Government of Peru,2025,Migraciones realizó más de mil operativos y ordenó la expulsión de más de 760 extranjeros,https://www.gob.pe/institucion/migraciones/noticias/1141934-migraciones-realizo-mas-de-mil-operativos-y-ordeno-la-expulsion-de-mas-de-760-extranjeros
355,3,Berrios; Manuel Rojas,2024,More than 460 foreigners were expelled from Peru in 2024: Only four lived in Lima.,https://www.infobae.com/peru/2024/06/10/migraciones-mas-de-460-extranjeros-fueron-expulsados-de-peru-en-2024-solo-cuatro-vivian-en-lima/
356,2,Reichling; Gerhardt,1986,Die deutschen Vertriebenen in Zahlen,https://www.econbiz.de/Record/die-deutschen-vertriebenen-in-zahlen-reichling-gerhardt/10009586253
357,8,focus Migratin,2008,Country Profile - Poland,https://www.bpb.de/system/files/dokument_pdf/CP03_Poland_Update.pdf
358,8,Minority Rights Group,unknown,Dominicans in Puerto Rico,https://minorityrights.org/communities/dominicans/
359,8,Groupe SOS Solidarites,2022,Centres et Locaux de retention administrative,https://www.lacimade.org/wp-content/uploads/2023/04/RA_CRA_2022_web.pdf
360,8,IZA Institute of Labor Economics,2016,"International Migration, Return Migration, and their Effects: A Comprehensive Review on the Romanian Case",https://docs.iza.org/dp10445.pdf
361,8,European Parliament,1999,Migration and Asylum in Central and Eastern Europe Libe 104 EN,https://www.europarl.europa.eu/workingpapers/libe/104/romania_en.htm
362,8,Global Detention Project,2019,Country Report - Immigration Detention in Romania: With a Little Help from the EU,https://www.globaldetentionproject.org/wp-content/uploads/2019/11/GDP-Immigration-Detention-in-Romania-Online-Amended.pdf
363,8,Global Immigration Detention Observatory,2020,Romania Immigration Detention Data Profile,https://www.globaldetentionproject.org/wp-content/uploads/2020/11/Romania-Detention-Data-Profile-2020.pdf
364,3,Desku; Arta,2024,"Romania Deported 1,222 Irregular Migrants in 2023",https://schengenvisainfo.com/news/romania-deported-1222-irregular-migrants-in-2023/#google_vignette
365,8,European Council on Refugees and Exiles,2024,Access to the Territory and Push Backs - Romania,https://asylumineurope.org/reports/country/romania/asylum-procedure/access-procedure-and-registration/access-territory-and-push-backs/
366,2,Melkonian; Markar,2008,My Brother’s Road: An American’s Fateful Journey to Armenia ,https://dokumen.pub/my-brothers-road-an-americans-fateful-journey-to-armenia-9780755610044-9781845115302.html
367,8,Council of Europe,2007,"Working Paper, 2006 ordinary session (third part)",https://books.google.de/books/about/Documents.html?id=lp_myXRm7sMC&redir_esc=y
368,8,Human Rights Watch,2007,Conclusion,https://www.hrw.org/reports/2007/russia1007/7.htm
369,8,Re:Russia,2024,Migration-occupation Balance: The Kremlin Motives Behind Limiting The Inflow Of Migrants,https://re-russia.net/en/analytics/0231/
370,8,Amnesty International,1996,"Rwanda / Burundi: Refoulement / fear of extrajudicial execution: 392 Burundi refugees forcibly expelled from Rwanda, more than 3,000 others threatened with expulsion",https://www.amnesty.org/en/documents/afr02/009/1996/en/
371,8,Reliefweb,1996,WFP Emergency Report No. 47 of 1996: East Africa,https://reliefweb.int/report/democratic-republic-congo/wfp-emergency-report-no-47-1996-east-africa
372,8,Reliefweb,2002,USCR calls on Rwanda to end forced return of Congolese refugees,https://reliefweb.int/report/democratic-republic-congo/uscr-calls-rwanda-end-forced-return-congolese-refugees
373,8,UNHCR,2003,U.S. Committee for Refugees World Refugee Survey 2003 - Rwanda,https://www.refworld.org/reference/annualreport/uscri/2003/en/21998
374,10,Stevenson; Thomas,1993,Yemeni Workers Come Home,https://merip.org/1993/03/yemeni-workers-come-home/
375,8,Foreign Policy Association,unknown,Saudi Arabia’s Undocumented Workers Repatriated,https://fpa.org/saudi-arabias-undocumented-workers-repatriated/
376,8,Global Detention Project,2016,Immigration Detention in Saudi Arabia,https://www.globaldetentionproject.org/wp-content/uploads/2016/06/gdp_saudi_arabia_immigration_detention_report_jan_16.pdf
377,8,Global Detention Project,2017,Submission to the UN Committee on the Elimination of Discrimination against Women: Saudi Arabia,https://www.globaldetentionproject.org/submission-to-the-un-committee-on-the-elimination-of-discrimination-against-women-saudi-arabia
378,8,Amnesty International,2024,Saudi Arabia 2024,https://www.amnesty.org/en/location/middle-east-and-north-africa/middle-east/saudi-arabia/report-saudi-arabia/
379,8,UNHCR,2009,World Refugee Survey 2009 - Saudi Arabia,https://www.refworld.org/reference/annualreport/uscri/2009/en/67746
380,3,Khan; Ghazanfar Ali,2008,"Over 23,600 Indonesian workers deported this year",https://www.arabnews.com/node/319324
381,3,Al Jazeera,2007,Spain expels hundreds of Africans,https://www.aljazeera.com/news/2007/1/21/spain-expels-hundreds-of-africans
382,1,Parker; Ron,2008,The Senegal–Mauritania Conflict of 1989: a Fragile Equilibrium,https://www.cambridge.org/core/journals/journal-of-modern-african-studies/article/abs/senegalmauritania-conflict-of-1989-a-fragile-equilibrium/54641CB928CF49AEFB9F5C34DCF75554
383,10,The St. Martin Project,unknown,Migrations,https://stmartinproject.conncoll.edu/migrations/
384,2,Benoit; Catherine,2008,Saint Martin’s Change Of Political Status: Inscribing Borders And Immigration Laws Onto Geographical Space,https://www.gisti.org/IMG/pdf/SXM_frontieres_catherinebenoit_2008-08.pdf
385,3,La Cimade,2019,Ile de Saint-Martin : quels droits pour les personnes étrangères ?,https://www.lacimade.org/ile-de-saint-martin-quels-droits-pour-les-personnes-etrangeres/
386,8,US Department of State,1999,"Fact Sheet: Kosovo, Ethnic Cleansing Update, May 14, 1999",https://reliefweb.int/report/serbia/fact-sheet-kosovo-ethnic-cleansing-update-may-14-1999
387,1,Fujio; Hara,2017,Malayan Chinese Who Were Deported to China,https://rpb115.nsysu.edu.tw/var/file/131/1131/img/2374/CCPS3(3)-Hara-1.pdf
388,8,Amnesty International,1976,Singapore,https://www.amnesty.org/en/wp-content/uploads/2021/06/asa360011976en.pdf
389,8,UNHCR,1997,Update on Regional Developments in Asia and the Pacific EC/47/SC/CRP.44,https://www.unhcr.org/publications/update-regional-developments-asia-and-pacific
390,8,Lok; Cheryl,2025,Singapore’s ‘Invisible’ Population: The Perpetual ‘Homelessness’ of Migrant Workers,https://oxfordpoliticalreview.com/2025/04/25/singapores-invisible-population-the-perpetual-homelessness-of-migrant-workers/
391,8,Courtright; James,2023,Unrest casts shadow over Senegals biggest holiday,https://www.icwa.org/tensions-shadow-senegal-holiday/
392,8,Global Detention Project,2006,Senegal Immigration Detention Profile,https://www.globaldetentionproject.org/countries/africa/senegal
393,8,United States Committee for Refugees and Immigrants,2000,U.S. Committee for Refugees World Refugee Survey 2000 - Yugoslavia,https://www.refworld.org/reference/annualreport/uscri/2000/en/14837
394,8,Government of Sint Marteen,2022,Immigration controls continues with community cooperation,https://www.sintmaartengov.org/news/Pages/Immigration-controls-continues-with-community-cooperation.aspx
395,8,Pagonis; Jennifer,2004,Last convoys leave for Sierra Leone as assisted repatriation ends,https://www.unhcr.org/news/stories/last-convoys-leave-sierra-leone-assisted-repatriation-ends
396,8,UNHCR,2007,Solomon Islands: Situation of ethnic Chinese; current country conditions (2005-2007),https://webarchive.archive.unhcr.org/20230521231605/https://www.refworld.org/docid/47d65477c.html
397,8,UNHCR,2006,Somalia,https://www.unhcr.org/sites/default/files/legacy-pdf/4666d2630.pdf
398,8,Integral Human Development,unknown,Country Profile - Somalia,https://migrants-refugees.va/country-profile/somalia/
399,1,Crush; Jonathan & McDonlad; David A.,2001,Introduction to Special Issue: Evaluating South African Immigration Policy after Apartheid,https://www.jstor.org/stable/4187430
400,1,Crush; Jonathan & Williams; Vincent,2001,No. 06: The Point of No Return: Evaluating the Amnesty for Mozambican Refugees in South Africa,https://scholars.wlu.ca/cgi/viewcontent.cgi?article=1063&context=samp
401,8,Human Rights Watch,2007,Recent Labor Migration to South Africa,https://www.hrw.org/reports/2007/southafrica0207/6.htm
402,1,Crush; Jonathan,1999,The Discourse and Dimensions of Irregularity in Post-Apartheid South Africa,https://library.fes.de/libalt/journals/swetsfulltext/5584123.pdf
403,8,International Organization for Migration,2025,South Sudan Hits Record One Million New Arrivals From Sudan Crisis,https://eastandhornofafrica.iom.int/news/south-sudan-hits-record-one-million-new-arrivals-sudan-crisis
404,3,Sankaralingam; Gnana,2023,Genocide Of Tamils In Sri Lanka – True Or False,https://www.colombotelegraph.com/index.php/genocide-of-tamils-in-sri-lanka-true-or-false/
405,3,Nashed; Mat,2023,"Eritrean refugees caught between crisis at home, Sudan conflict",https://www.aljazeera.com/news/2023/5/23/eritrean-refugees-caught-between-crisis-at-home-unrest-in-sudan
406,3,Salih; Zeinab Mohammed,2023,Eritrea accused of forcibly repatriating civilians caught up in Sudan fighting,https://www.theguardian.com/world/2023/may/07/eritrea-accused-of-forcibly-repatriating-civilians-caught-up-in-sudan-fighting
407,8,Human Rights Watch,2016,Sudan: Hundreds Deported to Likely Abuse,https://www.hrw.org/news/2016/05/31/sudan-hundreds-deported-likely-abuse
408,8,Human Rights Watch,2014,Sudan: Stop Deporting Eritreans,https://www.hrw.org/news/2014/05/08/sudan-stop-deporting-eritreans
409,8,International Organization for Migration,2014,Situation on Expelled Sudanese Migrants,https://sudan.iom.int/sites/g/files/tmzbdl1606/files/documents/Situation-Report-on-Expelled-Sudanese-Migrants-31-August-17-September-2014.pdf
410,3,Alwasat,2024,DCIM: 109 migrants deported from Benghazi to Sudan and Chad,https://en.alwasat.ly/news/libya/425454
411,8,van Amersfoort; Hans,2011,How the Dutch Government stimulated the unwanted immigration from Suriname,https://www.migrationinstitute.org/publications/wp-47-11
412,8,Inter-American Comission on Human Rights,1985,Second Report on the Human Rights Situation in Suriname,https://www.cidh.org/countryrep/Suriname85eng/chap.5.htm
413,3,Blair; Ava Anne,2023,"Turkey deports 29,895 Syrian refugees and asylum seekers: STJ report","https://www.kurdistan24.net/en/story/392647/Turkey-deports-29,895-Syrian-refugees-and-asylum-seekers:-STJ-report"
414,8,Human Rights Watch,2024,Syrians Face Dire Conditions in Turkish-Occupied ‘Safe Zone’,https://www.hrw.org/news/2024/03/28/syrians-face-dire-conditions-turkish-occupied-safe-zone
415,8,Human Rights Watch,2024,Lebanon: Stepped-Up Repression of Syrians,https://www.hrw.org/news/2024/04/25/lebanon-stepped-repression-syrians
416,8,Reliefweb,2025,Intention of Syrian Refugees in Jordan,"https://reliefweb.int/report/jordan/intention-syrian-refugees-jordan#:~:text=Between%20December%208%2C%202024%2C%20and,35%20and%2036%2D59%20years."
417,8,UNHCR,2025,Repatriation explained: why Syrian refugees are voluntarily returning,https://www.unrefugees.org/news/repatriation-explained-why-syrian-refugees-are-voluntarily-returning/
418,8,Citino; Nathan & Gil; Ana Martin & Norman; Kelsey P.,2023,Generations of Palestinian Refugees Face Protracted Displacement and Dispossession,https://www.migrationpolicy.org/article/palestinian-refugees-dispossession
419,8,Human Rights Watch,1995,Return to Tajikistan - Continued Regional and Ethnic Tensions,https://www.hrw.org/reports/1995/Tajik.htm
420,8,The New Humanitarian,2006,Tajiks who fled civil war no longer refugees,https://www.thenewhumanitarian.org/news/2006/07/03/tajiks-who-fled-civil-war-no-longer-refugees
421,3,Radio Free Europe,2024,Thousands Of Tajik Migrant Workers Deported From Russia Since Crocus Attack,https://www.rferl.org/a/tajik-migrants-deported-russia-hasazoda-statement/33067475.html
422,8,Human Rights Watch,2025,Living in Fear and Humiliation,https://www.hrw.org/report/2025/03/17/living-fear-and-humiliation/rising-xenophobic-harassment-and-violence-towards
423,8,Lemon; Edward,2019,"Dependent on Remittances, Tajikistan’s Long-Term Prospects for Economic Growth and Poverty",https://www.migrationpolicy.org/article/dependent-remittances-tajikistan-prospects-dim-economic-growth
424,8,UNHCR,2024,UNHCR calls on Tajikistan to halt forcible return of Afghan refugees and uphold international protection standards and commitments.,https://www.unhcr.org/centralasia/en/63015-unhcr-calls-on-tajikistan-to-halt-forcible-return-of-afghan-refugees-and-uphold-international-protection-standards-and-commitments.html
425,8,Pannier; Bruce,2024,Central Asia in Focus: Tajikistan Deports Afghan Asylum Seekers,https://about.rferl.org/article/central-asia-in-focus-tajikistan-deports-afghan-asylum-seekers/
426,8,United States Committee for Refugees and Immigrants,1997,U.S. Committee for Refugees World Refugee Survey 1997 - Tanzania,https://www.refworld.org/reference/annualreport/uscri/1997/en/16126
427,8,The New Humanitarian,2013,Humanitarian crisis looms for migrants expelled by Tanzania,https://www.thenewhumanitarian.org/news/2013/09/19/humanitarian-crisis-looms-migrants-expelled-tanzania
428,8,UNHCR,2020,Tanzania Country Refugee Response Plan,https://reporting.unhcr.org/sites/default/files/Tanzania%202019-2010%20Country%20RRP%20(March%202019).pdf
429,8,UNHCR,2024,"UNHCR, Governments of Burundi and Tanzania reaffirm their commitment to supporting Burundian refugees voluntary return and sustainable reintegration",https://www.unhcr.org/africa/news/press-releases/unhcr-governments-burundi-and-tanzania-reaffirm-their-commitment-supporting
430,8,UNHCR,2024,UNHCR statement on Voluntary Returns from Tanzania to Burundi,https://www.unhcr.org/africa/news/speeches-and-statements/unhcr-statement-voluntary-returns-tanzania-burundi
431,8,Ruzibiza; Yvette & Turner; Simon,2023,Tanzania’s Open Door to Refugees Narrows,https://www.migrationpolicy.org/article/tanzania-refugee-policy
432,8,Amnesty International,2017,Between a Rock and a Hard Place: Thailands Refugee Policies and Violations of the Principle of non-refoulement,https://www.amnesty.org/fr/wp-content/uploads/2021/05/ASA3970312017ENGLISH.pdf
433,8,Human Rights Watch,2024,Thailand: Cambodian Refugees Forcibly Returned,https://www.hrw.org/news/2024/11/29/thailand-cambodian-refugees-forcibly-returned
434,8,Women's Commission for Refugee Women and Children.,1991,Repatriation and Reintegration: can Hmong refugees begin to look homeward?,https://oac.cdlib.org/view?docId=hb0b69n6nq&chunk.id=ch01&brand=oac4&doc.view=entire_text
435,8,Amnesty International,2017,Thailand: Hard line on refugees leaves thousands vulnerable and at risk,https://www.amnesty.org/en/latest/press-release/2017/09/thailand-hard-line-on-refugees-leaves-thousands-vulnerable-and-at-risk/
436,8,Human Rights Watch,1999,East Timor: Forced Expulsions to West Timor and the Refugee Crisis,https://www.refworld.org/reference/countryrep/hrw/1999/en/95471
437,8,UNHCR,2002,East Timorese refugee saga comes to an end,https://www.unhcr.org/news/east-timorese-refugee-saga-comes-end
438,8,International Organization for Migration,2024,Voluntary Return of 131 Togolese Migrants from Libya: A Joint Effort by IOM and the Togolese Government,https://www.iom.int/news/voluntary-return-131-togolese-migrants-libya-joint-effort-iom-and-togolese-government
439,3,Caelainn Hoganassociated Press,2015,UNHCR: Nigeria sends Togo asylum seekers back home,https://apnews.com/9ecd475b8ff94193a91f97bf2e38307f
440,8,International Organization for Migration,2018,Migration in West Africa: A paper prepared for the Policy Analysis and Research Programme of the Global Commission on International Migration,https://www.iom.int/sites/g/files/tmzbdl2616/files/2018-07/RS8.pdf
441,3,Borrowdale; James,2019,‘The Forever No’: The Fate of Tonga’s Criminal Returnees,https://www.vice.com/en/article/the-forever-no-the-fate-of-tongas-criminal-returnees/
442,8,McNeill; Henrietta,2024,Addressing Criminal Deportations to the Pacific Islands,https://openresearch-repository.anu.edu.au/server/api/core/bitstreams/72c2140a-af8d-4ab5-818b-d94ef26e2590/content
443,3,China Daily,2006,Chinese Evacuated from Riot-stricken Tonga,http://www.china.org.cn/english/news/189875.htm
444,8,UNHCR,2018,UNHCR regret at deportations of Venezuelans from Trinidad and Tobago,https://www.unhcr.org/news/news-releases/unhcr-regret-deportations-venezuelans-trinidad-and-tobago
445,8,Amnesty International,2020,Trinidad and Tobago: Deportation of 165 Venezuelans violates international law,https://www.amnesty.org/en/latest/news/2020/08/trinidad-tobago-deportation-165-venezuelans-violates-international-law/
446,3,Time.com,1985,Tunisia: Playing Tit-for-Tat with Libya,https://time.com/archive/6704574/tunisia-playing-tit-for-tat-with-libya/
447,8,Blanchard; Christopher M.,2005,CRS Issue Brief for Congress - Libya,https://www.everycrsreport.com/reports/IB93109.html
448,3,Dickey; Christopher,1985,"Tension on the Rise between Libya, Neighbours",https://www.cia.gov/readingroom/docs/CIA-RDP90-00965R000201580005-4.pdf
449,1,Mandel; Judyt,unknown,Libya Under Qadhafi: A Pattern of Aggression,https://www.reaganlibrary.gov/public/digitallibrary/smof/nsc-communicationsandinformation/mandel/91721/libyaunderaqdhafi-apatternofaggression.pdf
450,8,Human Rights Watch,2023,"Tunisia: No Safe Haven for Black African Migrants, Refugees",https://www.hrw.org/news/2023/07/19/tunisia-no-safe-haven-black-african-migrants-refugees
451,8,Helsinki Watch Report,1992,Denying Human Rights and Ethnic Identity: The Greeks of Turkey,https://www.hrw.org/sites/default/files/reports/TURKEY923.PDF
452,15,Özgür; Ulvi,2007,Bulgari̇stan Türkleri̇’ Ni̇n 1950 – 1951 Yillarinda Türki̇ye’ Ye Göçleri̇,https://nek.istanbul.edu.tr/ekos/TEZ/42824.pdf
453,8,Global Detention Project,2021,Immigration Detention in Turkey: Trapped at the Crossroad Between Asia and Europe,"https://www.globaldetentionproject.org/immigration-detention-in-turkey-trapped-at-the-crossroad-between-asia-and-europe#:~:text=Afghans%20in%20Turkey%20do%20not,refugees%20from%20entering%20the%20country."
454,8,Human Rights Watch,2022,“No One Asked Me Why I Left Afghanistan”,https://www.hrw.org/report/2022/11/18/no-one-asked-me-why-i-left-afghanistan/pushbacks-and-deportations-afghans-turkey
455,3,Stockholm Center for Freedom,2025,Turkey’s Transnational Repression: 2024 in Review,https://stockholmcf.org/turkeys-transnational-repression-2024-in-review/
456,8,European Council on Refugees and Exiles,2024,Removal and Refoulement,https://asylumineurope.org/reports/country/turkiye/asylum-procedure/access-procedure-and-registration/removal-and-refoulement/
457,10,Haiti Support Group,2012,Turks & Caicos Resumes Deportations of Haitian Migrants,https://haitisupportgroup.org/turks-a-caicos-resumes-deportations-of-haitian-migrants/
458,8,Douyon; Emmanuela,2023,Haitians Flee a Nation Nearing Collapse,https://www.migrationpolicy.org/article/haitians-flee-collapse
459,8,Yayboke; Erol & Strouboulis; Anastasia & Edwards; Abigail,2022,Update on Forced Displacement around Ukraine,https://www.csis.org/analysis/update-forced-displacement-around-ukraine
460,8,Migration Data Portal,2020,Migration data in Western Asia,https://www.migrationdataportal.org/regional-data-overview/migration-data-western-asia
461,8,Euro-Med Human Rights Monitor,2021,"“They told us they hated black Africans”: UAE authorities detain, torture, and deport over 800 migrants","https://euromedmonitor.org/en/article/4600/%E2%80%9CThey-told-us-they-hated-black-Africans%E2%80%9D:-UAE-authorities-detain,-torture,-and-deport-over-800-migrants"
462,8,Amnesty International,2024,United Arab Emirates 2024,https://www.amnesty.org/en/location/middle-east-and-north-africa/middle-east/united-arab-emirates/report-united-arab-emirates/
463,8,Stolfova; Andrea,2014,Causes and Impacts of Labour Migration in Uzbekistan,https://kulturnistudia.cz/causes-and-impacts-of-labour-migration-in-uzbekistan/
464,3,RNZ News,2019,IOM confirms Bangladeshi men trafficked to Vanuatu,https://www.rnz.co.nz/international/pacific-news/389893/iom-confirms-bangladeshi-men-trafficked-to-vanuatu
465,8,Human Rights Watch,2025,US/El Salvador: Venezuelan Deportees Forcibly Disappeared,https://www.hrw.org/news/2025/04/11/us/el-salvador-venezuelan-deportees-forcibly-disappeared
466,8,Human Rights Watch,2002,Cambodia: Protect Montagnard Refugees Fleeing Vietnam,https://www.hrw.org/news/2002/09/25/cambodia-protect-montagnard-refugees-fleeing-vietnam
467,1,Lam; Tom,2000,The Exodus of Hoa Refugees from Vietnam and their Settlement in Guangxi: China's Refugee Settlement Strategies,https://www.researchgate.net/publication/31401518_The_Exodus_of_Hoa_Refugees_from_Vietnam_and_their_Settlement_in_Guangxi_China's_Refugee_Settlement_Strategies
468,8,Near East Report,2019,"Operation Magic Carpet, 70 Years On: Israel Rescues 50,000 Yemeni Jews",https://www.aipac.org/resources/operation-magic-carpet-5h7hn-62sfw-nhrtk
469,8,Internal Displacement Monitoring Center,2020,"""Even if they reopened the Airport"" - Barriers to cross-border movement expose Yemenis
to repeated internal displacement",https://api.internal-displacement.org/sites/default/files/publications/documents/202004-yemen-cross-border-report.pdf
470,8,The New Humanitarian,2007,122 Ethiopians deported after a month’s detention,https://www.thenewhumanitarian.org/news/2007/01/31/122-ethiopians-deported-after-month%E2%80%99s-detention
471,8,Reliefweb,2025,DTM Flow Monitoring Registry Dashboard: Non-Yemeni migrant arrivals and Yemeni migrant returnees in March 2025,https://reliefweb.int/report/yemen/dtm-flow-monitoring-registry-dashboard-non-yemeni-migrant-arrivals-and-yemeni-migrant-returnees-march-2025
472,8,UNHCR,2006,Angolan repatriation from Zambia resumes for final year,https://www.unhcr.org/news/angolan-repatriation-zambia-resumes-final-year
473,8,Schmitt; Celine & Shimo; Kelvin,2010,"Repatriation of Congolese from Zambia reaches 40,000; camps to close",https://www.unhcr.org/news/stories/repatriation-congolese-zambia-reaches-40000-camps-close
474,8,Global Detention Project,2023,Country Report Zambia,https://www.globaldetentionproject.org/countries/africa/zambia
475,8,US Department of State,2009,Background Note: Zimbabwe,https://2001-2009.state.gov/r/pa/ei/bgn/5479.htm
476,8,UNHCR,2004,U.S. Committee for Refugees World Refugee Survey 2004 - Zimbabwe,https://www.refworld.org/reference/annualreport/uscri/2004/en/58834
477,8,Human Rights Watch,2007,Recent labor migration to South Africa,https://www.hrw.org/reports/2007/southafrica0207/6.htm
